,Rk,Player,Age,Pos,G,GS,MP,FG,FGA,FG%,3P,3PA,3P%,2P,2PA,2P%,eFG%,FT,FTA,FT%,ORB,DRB,TRB,AST,STL,BLK,TOV,PF,PTS,Awards,No.,Ht,Wt,Birth Date,Birth,Exp,College,Season,Team
0,1.0,Donovan Mitchell,28.0,SG,71,71,31.4,8.2,18.6,0.443,3.3,8.9,0.368,5.0,9.7,0.512,0.531,4.2,5.1,0.823,0.8,3.7,4.5,5.0,1.3,0.2,2.1,2.0,24.0,,45,6-3,215.0,"September 7, 1996",us US,7,Louisville,2024,CLE
1,2.0,Darius Garland,25.0,PG,75,75,30.7,7.4,15.7,0.472,2.8,7.1,0.401,4.6,8.6,0.53,0.562,3.0,3.4,0.878,0.6,2.2,2.9,6.7,1.2,0.1,2.5,1.9,20.6,,10,6-1,192.0,"January 26, 2000",us US,5,Vanderbilt,2024,CLE
2,3.0,Evan Mobley,23.0,PF,71,71,30.5,7.1,12.8,0.557,1.2,3.2,0.37,5.9,9.5,0.621,0.604,3.1,4.3,0.725,2.3,7.0,9.3,3.2,0.9,1.6,2.0,2.0,18.5,,4,6-11,215.0,"June 18, 2001",us US,3,USC,2024,CLE
3,4.0,Jarrett Allen,26.0,C,82,82,28.0,5.5,7.8,0.706,0.0,0.1,0.0,5.5,7.7,0.712,0.706,2.4,3.4,0.718,2.6,7.1,9.7,1.9,0.9,0.9,1.2,1.5,13.5,,31,6-11,243.0,"April 21, 1998",us US,7,Texas,2024,CLE
4,5.0,Max Strus,28.0,SF,50,37,25.5,3.3,7.5,0.442,2.3,5.9,0.386,1.0,1.6,0.65,0.594,0.6,0.7,0.824,1.1,3.3,4.3,3.2,0.5,0.2,1.1,2.1,9.4,,1,6-5,215.0,"March 28, 1996",us US,5,"Lewis (IL), DePaul",2024,CLE
5,6.0,De'Andre Hunter,27.0,SF,27,5,25.0,4.9,10.0,0.485,2.2,5.2,0.426,2.6,4.8,0.55,0.596,2.4,2.9,0.821,0.6,3.6,4.2,1.3,0.7,0.3,0.9,2.5,14.3,,12,6-8,225.0,"December 2, 1997",us US,5,Virginia,2024,CLE
6,8.0,Dean Wade,28.0,PF,59,30,21.2,1.9,4.6,0.413,1.4,3.8,0.36,0.5,0.8,0.653,0.561,0.3,0.5,0.533,0.9,3.4,4.2,1.3,0.7,0.3,0.4,1.7,5.4,,32,6-9,228.0,"November 20, 1996",us US,5,Kansas State,2024,CLE
7,10.0,Ty Jerome,27.0,SG,70,3,19.9,4.6,8.8,0.516,1.6,3.6,0.439,3.0,5.2,0.57,0.606,1.8,2.1,0.872,0.7,1.8,2.5,3.4,1.1,0.0,1.3,1.5,12.5,,2,6-5,195.0,"July 8, 1997",us US,5,Virginia,2024,CLE
8,11.0,Sam Merrill,28.0,SG,71,4,19.7,2.4,6.0,0.406,1.9,5.2,0.372,0.5,0.8,0.625,0.567,0.4,0.4,0.966,0.5,1.7,2.2,1.5,0.7,0.2,0.5,1.7,7.2,,5,6-4,205.0,"May 15, 1996",us US,4,Utah State University,2024,CLE
9,12.0,Isaac Okoro,24.0,SG,55,22,19.1,2.3,4.9,0.464,1.0,2.7,0.371,1.2,2.1,0.586,0.569,0.6,0.8,0.717,0.9,1.5,2.4,1.2,0.6,0.3,0.4,1.9,6.1,,35,6-5,225.0,"January 26, 2001",us US,4,Auburn,2024,CLE
10,14.0,Chuma Okeke,26.0,PF,2,0,12.5,1.0,3.5,0.286,0.5,3.0,0.167,0.5,0.5,1.0,0.357,0.0,0.0,,0.5,1.5,2.0,1.0,0.0,0.5,0.0,0.0,2.5,,18,6-6,229.0,"August 18, 1998",us US,4,Auburn,2024,CLE
11,15.0,Craig Porter Jr.,24.0,PG,51,1,10.1,1.4,2.7,0.514,0.4,0.9,0.438,1.0,1.8,0.554,0.589,0.5,0.6,0.719,0.4,0.9,1.3,1.4,0.3,0.3,0.7,0.5,3.7,,9,6-2,186.0,"February 26, 2000",us US,1,"Vincennes University, Wichita State",2024,CLE
12,16.0,Jaylon Tyson,22.0,SG,47,3,9.6,1.4,3.2,0.43,0.4,1.2,0.345,0.9,1.9,0.484,0.497,0.4,0.5,0.792,0.8,1.3,2.0,0.9,0.3,0.1,0.6,1.1,3.6,,24,6-6,215.0,"December 2, 2002",us US,R,"Texas, Texas Tech, California",2024,CLE
13,17.0,Javonte Green,31.0,SG,18,1,9.2,1.3,3.5,0.365,0.4,1.8,0.242,0.8,1.7,0.5,0.429,0.3,0.6,0.5,0.6,1.7,2.2,0.6,0.6,0.1,0.2,1.2,3.3,,8,6-4,205.0,"July 23, 1993",us US,5,Radford,2024,CLE
14,18.0,Tristan Thompson,33.0,C,40,0,8.2,0.8,1.8,0.437,0.0,0.1,0.0,0.8,1.7,0.456,0.437,0.2,0.8,0.233,0.8,2.6,3.4,0.6,0.1,0.3,0.4,0.9,1.7,,13,6-9,254.0,"March 13, 1991",ca CA,13,Texas,2024,CLE
0,1.0,Jayson Tatum,26.0,PF,72,72,36.4,9.2,20.3,0.452,3.5,10.1,0.343,5.7,10.2,0.559,0.537,5.0,6.1,0.814,0.7,8.0,8.7,6.0,1.1,0.5,2.9,2.2,26.8,,0,6-8,210.0,"March 3, 1998",us US,7,Duke,2024,BOS
1,2.0,Jaylen Brown,28.0,SF,63,63,34.3,8.2,17.7,0.463,1.8,5.7,0.324,6.4,12.1,0.529,0.515,3.9,5.1,0.764,1.3,4.5,5.8,4.5,1.2,0.3,2.6,2.4,22.2,,7,6-6,223.0,"October 24, 1996",us US,8,California,2024,BOS
2,3.0,Derrick White,30.0,SG,76,76,33.9,5.6,12.6,0.442,3.5,9.1,0.384,2.1,3.5,0.593,0.58,1.8,2.1,0.839,0.9,3.6,4.5,4.8,0.9,1.1,1.7,1.8,16.4,,9,6-4,190.0,"July 2, 1994",us US,7,"Colorado-Colorado Springs, Colorado",2024,BOS
3,4.0,Jrue Holiday,34.0,PG,62,62,30.6,4.1,9.2,0.443,1.7,4.9,0.353,2.4,4.3,0.547,0.538,1.1,1.2,0.909,1.2,3.0,4.3,3.9,1.1,0.4,1.2,1.6,11.1,,4,6-4,205.0,"June 12, 1990",us US,15,UCLA,2024,BOS
4,5.0,Kristaps PorziÅÄ£is,29.0,C,42,42,28.8,6.6,13.7,0.483,2.5,6.0,0.412,4.1,7.7,0.537,0.572,3.8,4.7,0.809,1.6,5.1,6.8,2.1,0.7,1.5,1.3,2.8,19.5,,8,7-2,240.0,"August 2, 1995",lv LV,8,,2024,BOS
5,6.0,Payton Pritchard,27.0,PG,80,3,28.4,5.1,10.8,0.472,3.2,7.8,0.407,1.9,3.0,0.642,0.62,0.9,1.1,0.845,1.3,2.6,3.8,3.5,0.9,0.2,1.0,1.5,14.3,,11,6-1,195.0,"January 28, 1998",us US,4,Oregon,2024,BOS
6,7.0,Al Horford,38.0,C,60,42,27.7,3.3,7.7,0.423,1.9,5.2,0.363,1.4,2.5,0.551,0.547,0.6,0.6,0.895,1.3,4.8,6.2,2.1,0.6,0.9,0.8,1.4,9.0,,42,6-9,240.0,"June 3, 1986",do DO,17,Florida,2024,BOS
7,8.0,Sam Hauser,27.0,PF,71,19,21.7,3.0,6.7,0.451,2.3,5.6,0.416,0.7,1.1,0.64,0.627,0.2,0.2,1.0,0.6,2.5,3.2,0.9,0.6,0.2,0.3,1.2,8.5,,30,6-8,215.0,"December 8, 1997",us US,3,"Marquette, Virginia",2024,BOS
8,9.0,Luke Kornet,29.0,C,73,16,18.6,2.6,3.8,0.668,0.0,0.0,0.0,2.6,3.8,0.675,0.668,0.9,1.3,0.691,2.6,2.7,5.3,1.6,0.5,1.0,0.4,1.6,6.0,,40,7-2,250.0,"July 15, 1995",us US,7,Vanderbilt,2024,BOS
9,10.0,Neemias Queta,25.0,C,62,6,13.9,2.1,3.3,0.65,0.0,0.0,0.0,2.1,3.2,0.66,0.65,0.7,1.0,0.754,1.4,2.4,3.8,0.7,0.3,0.7,0.6,1.7,5.0,,88,7-0,245.0,"July 13, 1999",pt PT,3,Utah State University,2024,BOS
10,11.0,Baylor Scheierman,24.0,SG,31,2,12.4,1.3,3.5,0.355,0.8,2.6,0.317,0.4,0.9,0.464,0.473,0.3,0.4,0.75,0.6,1.5,2.1,1.1,0.5,0.1,0.4,0.7,3.6,,55,6-6,205.0,"September 26, 2000",us US,R,"South Dakota State, Creighton",2024,BOS
11,12.0,Torrey Craig,34.0,SF,17,3,11.8,0.9,2.6,0.356,0.5,1.8,0.29,0.4,0.8,0.5,0.456,0.3,0.5,0.625,1.1,1.7,2.8,0.7,0.4,0.6,0.5,1.1,2.7,,12,6-7,221.0,"December 19, 1990",us US,7,USC Upstate,2024,BOS
12,14.0,Jordan Walsh,20.0,PF,52,1,7.8,0.6,1.6,0.361,0.3,1.1,0.273,0.3,0.5,0.536,0.452,0.1,0.2,0.583,0.4,0.9,1.3,0.4,0.2,0.2,0.3,0.6,1.6,,27,6-7,205.0,"March 3, 2004",us US,1,Arkansas,2024,BOS
13,16.0,Xavier Tillman Sr.,26.0,C,33,2,7.0,0.4,1.6,0.245,0.2,1.0,0.156,0.2,0.6,0.381,0.292,0.1,0.1,0.75,0.3,1.0,1.3,0.2,0.3,0.2,0.4,0.5,1.0,,26,6-8,245.0,"January 12, 1999",us US,4,Michigan State,2024,BOS
14,17.0,JD Davison,22.0,PG,16,0,5.8,0.8,2.1,0.353,0.3,1.1,0.222,0.5,1.0,0.5,0.412,0.3,0.4,0.714,0.1,0.7,0.8,0.8,0.3,0.1,0.8,0.1,2.1,,20,6-1,195.0,"October 3, 2002",us US,2,Alabama,2024,BOS
0,1.0,Josh Hart,29.0,SG,77,77,37.6,5.2,10.0,0.525,1.1,3.3,0.333,4.2,6.7,0.618,0.579,2.1,2.7,0.776,2.1,7.5,9.6,5.9,1.5,0.4,2.1,2.6,13.6,,3,6-4,215.0,"March 6, 1995",us US,7,Villanova,2024,NYK
1,2.0,Mikal Bridges,28.0,SF,82,82,37.0,7.2,14.4,0.5,2.0,5.6,0.354,5.2,8.8,0.594,0.57,1.2,1.4,0.814,0.9,2.3,3.2,3.7,0.9,0.5,1.6,1.5,17.6,,25,6-6,209.0,"August 30, 1996",us US,6,Villanova,2024,NYK
2,3.0,OG Anunoby,27.0,PF,74,74,36.6,6.6,13.9,0.476,2.3,6.2,0.372,4.3,7.7,0.561,0.559,2.5,3.1,0.81,1.3,3.5,4.8,2.2,1.5,0.9,1.4,2.3,18.0,,8,6-7,232.0,"July 17, 1997",gb GB,7,Indiana,2024,NYK
3,4.0,Jalen Brunson,28.0,PG,65,65,35.4,9.0,18.5,0.488,2.3,6.1,0.383,6.7,12.4,0.539,0.551,5.7,6.9,0.821,0.4,2.5,2.9,7.3,0.9,0.1,2.5,2.1,26.0,,11,6-2,190.0,"August 31, 1996",us US,6,Villanova,2024,NYK
4,5.0,Karl-Anthony Towns,29.0,C,72,72,35.0,8.9,16.9,0.526,2.0,4.7,0.42,6.9,12.2,0.567,0.584,4.7,5.7,0.829,2.9,9.8,12.8,3.1,1.0,0.7,2.7,3.5,24.4,,32,7-0,248.0,"November 15, 1995",us US,9,Kentucky,2024,NYK
5,6.0,Miles McBride,24.0,PG,64,10,24.9,3.5,8.5,0.406,1.8,4.9,0.369,1.7,3.7,0.455,0.511,0.8,1.0,0.813,0.7,1.8,2.5,2.9,1.0,0.3,0.6,1.7,9.5,,2,6-2,200.0,"September 8, 2000",us US,3,West Virginia,2024,NYK
6,7.0,Precious Achiuwa,25.0,C,57,10,20.5,2.9,5.7,0.502,0.2,0.6,0.278,2.7,5.1,0.529,0.517,0.7,1.2,0.594,1.8,3.8,5.6,1.0,0.8,0.7,0.8,1.4,6.6,,5,6-8,225.0,"September 19, 1999",ng NG,4,Memphis,2024,NYK
7,8.0,P.J. Tucker,39.0,SF,3,1,19.3,1.0,2.3,0.429,1.0,2.0,0.5,0.0,0.3,0.0,0.643,0.0,0.0,,1.3,1.3,2.7,0.0,0.3,0.3,0.3,2.7,3.0,,17,6-5,245.0,"May 5, 1985",us US,13,Texas,2024,NYK
8,9.0,Mitchell Robinson,26.0,C,17,3,17.1,2.2,3.3,0.661,0.0,0.0,,2.2,3.3,0.661,0.661,0.8,1.1,0.684,3.1,2.9,5.9,0.8,0.9,1.1,0.6,1.5,5.1,,23,7-0,240.0,"April 1, 1998",us US,6,Western Kentucky,2024,NYK
9,10.0,Delon Wright,32.0,PG,14,5,16.4,1.6,3.5,0.469,0.6,1.7,0.333,1.1,1.8,0.6,0.551,0.4,0.6,0.667,0.9,0.6,1.4,2.1,0.9,0.2,0.6,0.6,4.3,,0,6-5,185.0,"April 26, 1992",us US,9,Utah,2024,NYK
10,11.0,Landry Shamet,27.0,SG,50,0,15.2,2.1,4.6,0.461,1.2,3.1,0.397,0.9,1.5,0.595,0.596,0.2,0.4,0.667,0.2,1.0,1.2,0.5,0.5,0.0,0.4,1.0,5.7,,44,6-4,190.0,"March 13, 1997",us US,6,Wichita State,2024,NYK
11,12.0,Cameron Payne,30.0,PG,72,5,15.1,2.5,6.2,0.401,1.3,3.6,0.363,1.2,2.6,0.453,0.506,0.7,0.8,0.907,0.2,1.3,1.4,2.8,0.5,0.2,0.7,1.5,6.9,,1,6-3,183.0,"August 8, 1994",us US,9,Murray State,2024,NYK
12,14.0,Ariel Hukporti,22.0,C,25,1,8.7,0.8,1.2,0.677,0.0,0.0,,0.8,1.2,0.677,0.677,0.2,0.5,0.462,0.6,1.5,2.0,0.4,0.0,0.6,0.8,1.3,1.9,,55,7-0,246.0,"April 11, 2002",de DE,R,,2024,NYK
13,16.0,Tyler Kolek,23.0,PG,41,0,7.2,0.7,2.0,0.329,0.3,1.1,0.298,0.3,0.9,0.371,0.415,0.3,0.4,0.765,0.2,0.5,0.7,1.7,0.3,0.1,0.4,0.6,2.0,,13,6-1,195.0,"March 27, 2001",us US,R,"George Mason, Marquette",2024,NYK
14,17.0,Pacome Dadiet,19.0,SG,18,0,6.2,0.6,1.7,0.323,0.3,1.1,0.316,0.2,0.7,0.333,0.419,0.2,0.3,0.667,0.2,0.8,1.0,0.3,0.2,0.1,0.2,0.4,1.7,,4,6-7,210.0,"July 27, 2005",fr FR,R,,2024,NYK
0,1.0,Tyrese Haliburton,24.0,PG,73,73,33.6,6.5,13.8,0.473,3.0,7.7,0.388,3.5,6.1,0.581,0.582,2.6,3.0,0.851,0.6,3.0,3.5,9.2,1.4,0.7,1.6,1.3,18.6,,0,6-5,185.0,"February 29, 2000",us US,4,Iowa State,2024,IND
1,2.0,Pascal Siakam,30.0,PF,78,78,32.7,7.9,15.2,0.519,1.6,4.2,0.389,6.2,11.0,0.568,0.572,2.9,3.9,0.734,1.7,5.2,6.9,3.4,0.9,0.5,1.4,2.4,20.2,,43,6-8,230.0,"April 2, 1994",cm CM,8,New Mexico State,2024,IND
2,3.0,Myles Turner,28.0,C,72,72,30.2,5.4,11.3,0.481,2.2,5.5,0.396,3.3,5.8,0.561,0.577,2.6,3.3,0.773,1.3,5.3,6.5,1.5,0.8,2.0,1.7,2.5,15.6,,33,6-11,250.0,"March 24, 1996",us US,9,Texas,2024,IND
3,4.0,Bennedict Mathurin,22.0,SF,72,49,29.8,5.4,11.8,0.458,1.4,4.0,0.34,4.1,7.8,0.519,0.516,3.8,4.6,0.831,1.2,4.1,5.3,1.9,0.7,0.3,1.9,2.3,16.1,,0,6-6,210.0,"June 19, 2002",ca CA,2,Arizona,2024,IND
4,5.0,Andrew Nembhard,25.0,SG,65,65,28.9,3.8,8.3,0.458,0.8,2.7,0.291,3.0,5.6,0.538,0.506,1.7,2.1,0.794,0.5,2.8,3.3,5.0,1.2,0.2,1.7,2.3,10.0,,2,6-5,193.0,"January 16, 2000",ca CA,2,"Florida, Gonzaga",2024,IND
5,6.0,Aaron Nesmith,25.0,SF,45,37,25.0,4.3,8.4,0.507,1.9,4.3,0.431,2.4,4.1,0.587,0.617,1.6,1.8,0.913,0.8,3.1,4.0,1.2,0.8,0.4,0.8,2.5,12.0,,23,6-5,215.0,"October 16, 1999",us US,4,Vanderbilt,2024,IND
6,7.0,Obi Toppin,26.0,PF,79,4,19.6,4.0,7.6,0.529,1.4,3.8,0.365,2.6,3.8,0.695,0.621,1.1,1.4,0.781,0.7,3.3,4.0,1.6,0.6,0.4,0.9,1.4,10.5,,1,6-9,220.0,"March 4, 1998",us US,4,Dayton,2024,IND
7,8.0,Ben Sheppard,23.0,SG,63,9,19.5,1.9,4.6,0.418,1.1,3.2,0.342,0.8,1.4,0.591,0.537,0.4,0.4,0.889,0.7,2.1,2.8,1.3,0.6,0.2,0.3,2.0,5.3,,26,6-6,190.0,"July 16, 2001",us US,1,Belmont,2024,IND
8,9.0,T.J. McConnell,32.0,PG,79,1,17.9,4.1,7.9,0.519,0.2,0.6,0.306,3.9,7.3,0.537,0.531,0.7,1.0,0.74,0.6,1.9,2.4,4.4,1.1,0.3,1.4,1.0,9.1,,9,6-1,190.0,"March 25, 1992",us US,9,"Duquesne, Arizona",2024,IND
9,10.0,Isaiah Jackson,23.0,C,5,1,16.8,2.8,4.6,0.609,0.0,0.0,,2.8,4.6,0.609,0.609,1.4,2.8,0.5,2.2,3.4,5.6,1.0,0.6,1.6,1.0,2.8,7.0,,22,6-10,206.0,"January 10, 2002",us US,3,Kentucky,2024,IND
10,11.0,Jarace Walker,21.0,PF,75,5,15.8,2.3,4.8,0.472,1.0,2.5,0.405,1.3,2.3,0.543,0.576,0.6,0.9,0.667,0.3,2.7,3.1,1.5,0.7,0.3,1.0,1.5,6.1,,5,6-8,240.0,"September 4, 2003",us US,1,Houston,2024,IND
11,12.0,Thomas Bryant,27.0,C,56,8,15.1,2.7,5.2,0.515,0.8,2.3,0.321,1.9,2.9,0.673,0.587,0.8,0.9,0.83,1.4,2.5,3.9,0.9,0.5,0.6,0.5,1.2,6.9,,3,6-10,248.0,"July 31, 1997",us US,7,Indiana,2024,IND
12,15.0,Tony Bradley,27.0,C,14,0,8.1,2.1,3.2,0.644,0.1,0.2,0.333,2.0,3.0,0.667,0.656,0.1,0.4,0.333,1.3,1.7,3.0,0.4,0.1,0.6,0.4,0.8,4.4,,13,6-10,248.0,"January 8, 1998",us US,6,UNC,2024,IND
13,16.0,Johnny Furphy,20.0,SG,50,0,7.6,0.7,1.8,0.38,0.3,1.0,0.3,0.4,0.8,0.476,0.462,0.4,0.4,0.818,0.5,1.0,1.4,0.4,0.4,0.2,0.2,0.8,2.1,,12,6-8,200.0,"December 8, 2004",au AU,R,Kansas,2024,IND
14,20.0,James Johnson,37.0,PF,12,0,3.1,0.3,0.9,0.364,0.0,0.3,0.0,0.3,0.7,0.5,0.364,0.0,0.1,0.0,0.0,0.5,0.5,0.3,0.0,0.2,0.3,0.4,0.7,,16,6-7,240.0,"February 20, 1987",us US,15,Wake Forest,2024,IND
0,1.0,Damian Lillard,34.0,PG,58,58,36.1,7.7,17.1,0.448,3.4,9.0,0.376,4.3,8.1,0.528,0.547,6.2,6.8,0.921,0.5,4.2,4.7,7.1,1.2,0.2,2.8,1.7,24.9,,0,6-2,195.0,"July 15, 1990",us US,12,Weber State,2024,MIL
1,2.0,Giannis Antetokounmpo,30.0,PF,67,67,34.2,11.8,19.7,0.601,0.2,0.9,0.222,11.6,18.7,0.62,0.607,6.5,10.6,0.617,2.2,9.7,11.9,6.5,0.9,1.2,3.1,2.3,30.4,,34,6-11,242.0,"December 6, 1994",gr GR,11,,2024,MIL
2,3.0,Kyle Kuzma,29.0,PF,33,32,31.8,5.4,11.9,0.455,1.5,4.6,0.333,3.9,7.3,0.533,0.52,2.1,3.2,0.663,0.8,4.8,5.6,2.2,0.5,0.4,2.2,2.0,14.5,,18,6-9,221.0,"July 24, 1995",us US,7,Utah,2024,MIL
3,4.0,Brook Lopez,36.0,C,80,80,31.8,4.9,9.7,0.509,1.7,4.7,0.373,3.2,5.0,0.636,0.599,1.4,1.7,0.826,1.4,3.6,5.0,1.8,0.6,1.9,1.1,2.1,13.0,,11,7-1,282.0,"April 1, 1988",us US,16,Stanford,2024,MIL
4,5.0,Taurean Prince,30.0,SF,80,73,27.1,2.9,6.4,0.457,1.8,4.2,0.439,1.1,2.2,0.492,0.6,0.5,0.6,0.813,0.4,3.2,3.6,1.9,1.0,0.2,1.0,2.1,8.2,,12,6-6,218.0,"March 22, 1994",us US,8,Baylor,2024,MIL
5,6.0,Gary Trent Jr.,26.0,SG,74,9,25.6,3.8,8.9,0.431,2.4,5.9,0.416,1.4,3.0,0.46,0.568,1.1,1.2,0.848,0.3,2.0,2.3,1.2,1.0,0.1,0.6,1.7,11.1,,5,6-5,209.0,"January 18, 1999",us US,6,Duke,2024,MIL
6,7.0,Bobby Portis,29.0,PF,49,7,25.4,5.7,12.1,0.466,1.3,3.6,0.365,4.3,8.5,0.508,0.52,1.2,1.5,0.836,1.8,6.6,8.4,2.1,0.7,0.5,1.2,1.9,13.9,,9,6-10,250.0,"February 10, 1995",us US,9,Arkansas,2024,MIL
7,9.0,A.J. Green,25.0,SG,73,7,22.7,2.5,5.8,0.429,2.1,5.0,0.427,0.4,0.8,0.443,0.612,0.3,0.4,0.815,0.2,2.1,2.4,1.5,0.5,0.1,0.5,2.2,7.4,,20,6-4,200.0,"September 27, 1999",us US,2,University of Northern Iowa,2024,MIL
8,10.0,Kevin Porter Jr.,24.0,SG,30,2,19.9,4.0,8.2,0.494,1.0,2.4,0.408,3.1,5.8,0.529,0.553,2.7,3.1,0.871,0.4,3.5,3.9,3.7,1.3,0.1,1.7,1.6,11.7,,3,6-4,203.0,"May 4, 2000",us US,4,USC,2024,MIL
9,12.0,Jericho Sims,26.0,C,14,0,15.0,1.2,1.8,0.68,0.0,0.0,,1.2,1.8,0.68,0.68,0.0,0.0,,1.4,3.4,4.9,0.8,0.1,0.6,0.9,1.4,2.4,,0,6-10,245.0,"October 20, 1998",us US,3,Texas,2024,MIL
10,13.0,Pat Connaughton,32.0,SG,41,1,14.7,2.0,4.3,0.469,0.6,2.0,0.321,1.4,2.3,0.594,0.542,0.6,0.8,0.774,0.5,2.2,2.7,1.7,0.2,0.3,0.6,1.1,5.3,,24,6-5,209.0,"January 6, 1993",us US,9,Notre Dame,2024,MIL
11,14.0,Andre Jackson Jr.,23.0,SG,67,43,14.6,1.4,2.9,0.477,0.4,1.1,0.395,1.0,1.8,0.529,0.553,0.2,0.4,0.5,1.0,1.7,2.7,1.2,0.5,0.2,0.9,1.7,3.4,,44,6-6,210.0,"November 13, 2001",us US,1,UConn,2024,MIL
12,15.0,Ryan Rollins,22.0,PG,56,19,14.6,2.4,4.8,0.487,0.9,2.1,0.408,1.5,2.7,0.55,0.577,0.6,0.8,0.8,0.4,1.6,1.9,1.9,0.8,0.3,0.9,1.6,6.2,,13,6-4,180.0,"July 3, 2002",us US,2,Toledo,2024,MIL
13,19.0,Tyler Smith,20.0,PF,23,0,5.3,1.0,2.2,0.48,0.6,1.3,0.433,0.5,0.9,0.55,0.61,0.3,0.3,0.75,0.3,0.8,1.1,0.2,0.1,0.2,0.3,0.5,2.9,,21,6-11,224.0,"November 2, 2004",us US,R,,2024,MIL
14,20.0,Chris Livingston,21.0,SF,21,1,5.0,0.4,1.3,0.333,0.0,0.4,0.0,0.4,0.9,0.474,0.333,0.6,0.8,0.75,0.5,1.2,1.7,0.2,0.2,0.0,0.3,0.4,1.4,,7,6-6,220.0,"October 15, 2003",us US,1,Kentucky,2024,MIL
0,1.0,Cade Cunningham,23.0,PG,70,70,35.0,9.8,20.8,0.469,2.1,6.0,0.356,7.6,14.8,0.515,0.521,4.5,5.3,0.846,0.8,5.3,6.1,9.1,1.0,0.8,4.4,2.8,26.1,,2,6-6,220.0,"September 25, 2001",us US,3,Oklahoma State,2024,DET
1,2.0,Tobias Harris,32.0,PF,73,73,31.6,5.3,11.0,0.477,1.2,3.6,0.345,4.0,7.4,0.542,0.534,2.0,2.3,0.861,0.9,5.0,5.9,2.2,1.0,0.8,1.2,1.9,13.7,,12,6-8,226.0,"July 15, 1992",us US,13,Tennessee,2024,DET
2,3.0,Jaden Ivey,22.0,SG,30,30,29.9,6.3,13.8,0.46,2.1,5.1,0.409,4.2,8.6,0.49,0.536,2.8,3.9,0.733,1.3,2.8,4.1,4.0,0.9,0.4,3.0,2.2,17.6,,23,6-4,195.0,"February 13, 2002",us US,2,Purdue,2024,DET
3,4.0,Tim Hardaway Jr.,32.0,SG,77,77,28.0,3.6,8.8,0.406,2.2,5.9,0.368,1.4,2.9,0.484,0.529,1.6,1.9,0.855,0.2,2.1,2.4,1.6,0.5,0.1,0.6,1.2,11.0,,8,6-5,205.0,"March 16, 1992",us US,11,Michigan,2024,DET
4,5.0,Malik Beasley,28.0,SG,82,18,27.8,5.6,13.1,0.43,3.9,9.3,0.416,1.7,3.7,0.466,0.579,1.2,1.7,0.679,0.6,2.0,2.6,1.7,0.9,0.1,1.0,1.5,16.3,,5,6-4,187.0,"November 26, 1996",us US,8,Florida State,2024,DET
5,6.0,Jalen Duren,21.0,C,78,78,26.1,4.8,7.0,0.692,0.0,0.0,,4.8,7.0,0.692,0.692,2.1,3.1,0.669,3.6,6.8,10.3,2.7,0.7,1.1,1.7,3.2,11.8,,0,6-10,250.0,"November 18, 2003",us US,2,Memphis,2024,DET
6,7.0,Dennis SchrÃ¶der,31.0,PG,28,8,25.2,3.4,9.0,0.378,1.1,3.8,0.302,2.3,5.2,0.434,0.442,2.9,3.4,0.833,0.5,2.2,2.6,5.3,0.5,0.2,1.3,2.0,10.8,,17,6-1,172.0,"September 15, 1993",de DE,11,,2024,DET
7,8.0,Ausar Thompson,22.0,SF,59,48,22.5,4.2,7.8,0.535,0.2,0.8,0.224,4.0,7.0,0.572,0.547,1.5,2.4,0.641,1.9,3.3,5.1,2.3,1.7,0.7,1.4,2.8,10.1,,9,6-7,215.0,"January 30, 2003",us US,1,,2024,DET
8,10.0,Isaiah Stewart,23.0,C,72,4,19.9,2.4,4.4,0.559,0.2,0.7,0.321,2.2,3.6,0.607,0.586,0.9,1.2,0.759,1.8,3.7,5.5,1.7,0.4,1.4,0.9,2.5,6.0,,28,6-8,250.0,"May 22, 2001",us US,4,Washington,2024,DET
9,12.0,Simone Fontecchio,29.0,SF,75,0,16.5,2.0,5.0,0.402,1.0,3.0,0.335,1.0,1.9,0.507,0.504,0.9,1.1,0.833,0.7,2.2,2.9,0.9,0.4,0.2,0.7,1.3,5.9,,19,6-8,209.0,"December 9, 1995",it IT,2,,2024,DET
10,13.0,Ron Holland,19.0,SF,81,2,15.6,2.4,5.1,0.474,0.4,1.9,0.238,2.0,3.3,0.608,0.517,1.1,1.5,0.754,0.5,2.2,2.7,1.0,0.6,0.2,0.9,1.7,6.4,,0,6-8,206.0,"July 7, 2005",us US,R,,2024,DET
11,14.0,Marcus Sasser,24.0,PG,57,1,14.2,2.4,5.2,0.463,1.0,2.7,0.382,1.4,2.5,0.549,0.561,0.8,0.9,0.843,0.3,0.9,1.2,2.3,0.6,0.1,0.9,1.3,6.6,,25,6-2,195.0,"September 21, 2000",us US,1,Houston,2024,DET
12,16.0,Paul Reed,25.0,C,45,0,9.7,1.6,3.2,0.507,0.2,0.6,0.286,1.4,2.5,0.561,0.535,0.7,0.9,0.762,0.9,1.8,2.7,1.0,0.9,0.6,0.6,1.7,4.1,,7,6-9,210.0,"June 14, 1999",us US,4,DePaul,2024,DET
13,17.0,Lindy Waters III,27.0,SG,14,0,8.8,1.1,3.1,0.364,1.1,2.7,0.395,0.1,0.4,0.167,0.534,0.0,0.0,,0.3,0.7,1.0,0.7,0.4,0.1,0.2,0.5,3.4,,43,6-6,215.0,"July 28, 1997",us US,3,Oklahoma State,2024,DET
14,19.0,Bobi Klintman,21.0,SF,8,0,5.3,0.8,1.3,0.6,0.3,0.6,0.4,0.5,0.6,0.8,0.7,0.1,0.3,0.5,0.1,0.8,0.9,0.9,0.3,0.1,0.1,1.0,1.9,,34,6-9,225.0,"March 6, 2003",se SE,R,Wake Forest,2024,DET
0,1.0,Paolo Banchero,22.0,PF,46,46,34.4,9.0,19.8,0.452,1.9,5.9,0.32,7.1,13.9,0.509,0.5,6.1,8.4,0.727,1.1,6.4,7.5,4.8,0.8,0.6,3.0,2.1,25.9,,5.0,6-10,250.0,"November 12, 2002",us US,2,Duke,2024,ORL
1,2.0,Franz Wagner,23.0,SF,60,60,33.7,9.0,19.4,0.463,1.7,5.9,0.295,7.2,13.5,0.535,0.507,4.5,5.2,0.871,0.9,4.8,5.7,4.7,1.3,0.4,2.3,2.5,24.2,,22.0,6-10,225.0,"August 27, 2001",de DE,3,Michigan,2024,ORL
2,3.0,Kentavious Caldwell-Pope,31.0,SG,77,77,29.6,3.1,7.1,0.439,1.5,4.3,0.342,1.6,2.8,0.589,0.543,1.1,1.2,0.863,0.4,1.8,2.2,1.8,1.3,0.4,0.8,1.8,8.7,,3.0,6-5,204.0,"February 18, 1993",us US,11,Georgia,2024,ORL
3,4.0,Jalen Suggs,23.0,PG,35,35,28.6,5.6,13.7,0.41,2.2,6.9,0.314,3.5,6.8,0.506,0.489,2.8,3.1,0.882,0.7,3.4,4.0,3.7,1.5,0.9,2.9,2.8,16.2,,4.0,6-5,205.0,"June 3, 2001",us US,3,Gonzaga,2024,ORL
4,5.0,Wendell Carter Jr.,25.0,C,68,51,25.9,3.3,7.2,0.46,0.5,2.3,0.234,2.8,4.9,0.568,0.498,1.9,2.6,0.737,2.2,5.0,7.2,2.0,0.8,0.6,1.1,2.9,9.1,,34.0,6-10,270.0,"April 16, 1999",us US,6,Duke,2024,ORL
5,6.0,Anthony Black,21.0,PG,78,10,24.2,3.4,7.9,0.423,0.8,2.5,0.318,2.6,5.4,0.471,0.473,1.9,2.5,0.761,0.7,2.3,2.9,3.1,1.1,0.6,1.8,2.1,9.4,,0.0,6-7,198.0,"January 20, 2004",us US,1,Arkansas,2024,ORL
6,7.0,Tristan Da Silva,23.0,SF,74,38,22.0,2.7,6.5,0.412,1.1,3.2,0.335,1.6,3.3,0.488,0.495,0.7,0.9,0.873,1.0,2.3,3.3,1.5,0.4,0.2,0.8,1.3,7.2,,23.0,6-8,217.0,"May 15, 2001",de DE,R,Colorado,2024,ORL
7,8.0,Goga Bitadze,25.0,C,70,42,20.4,3.0,4.8,0.611,0.0,0.4,0.107,2.9,4.4,0.656,0.615,1.2,1.9,0.639,2.4,4.2,6.6,2.0,0.7,1.4,1.0,2.1,7.2,,35.0,6-11,250.0,"July 20, 1999",ge GE,5,,2024,ORL
8,9.0,Moritz Wagner,27.0,C,30,1,18.8,4.7,8.3,0.562,0.9,2.5,0.36,3.8,5.8,0.649,0.616,2.6,3.7,0.718,1.3,3.6,4.9,1.4,0.8,0.4,1.6,1.8,12.9,,21.0,6-11,245.0,"April 26, 1997",de DE,6,Michigan,2024,ORL
9,10.0,Cole Anthony,24.0,PG,67,22,18.4,3.4,8.1,0.424,1.1,3.3,0.353,2.3,4.9,0.471,0.494,1.4,1.7,0.823,0.7,2.4,3.0,2.9,0.7,0.5,1.5,2.3,9.4,,50.0,6-2,185.0,"May 15, 2000",us US,4,UNC,2024,ORL
10,11.0,Jonathan Isaac,27.0,PF,71,1,15.4,1.9,4.6,0.414,0.5,2.1,0.258,1.3,2.4,0.549,0.474,1.0,1.5,0.682,1.7,2.7,4.4,0.6,0.9,1.1,0.5,1.3,5.4,,1.0,6-10,230.0,"October 3, 1997",us US,5,Florida State,2024,ORL
11,12.0,Gary Harris,30.0,SG,48,3,14.8,1.1,2.8,0.383,0.8,2.1,0.356,0.3,0.7,0.469,0.519,0.1,0.3,0.583,0.4,0.9,1.3,0.6,0.5,0.3,0.4,0.9,3.0,,14.0,6-4,210.0,"September 14, 1994",us US,10,Michigan State,2024,ORL
12,14.0,Caleb Houstan,22.0,SF,58,6,13.6,1.4,3.3,0.421,1.1,2.8,0.4,0.3,0.5,0.533,0.589,0.3,0.3,0.882,0.3,1.0,1.3,0.6,0.4,0.1,0.2,1.1,4.1,,2.0,6-8,205.0,"January 9, 2003",ca CA,2,Michigan,2024,ORL
13,15.0,Cory Joseph,33.0,PG,50,16,12.2,1.2,3.1,0.403,0.8,2.1,0.364,0.5,0.9,0.489,0.529,0.3,0.4,0.778,0.3,1.1,1.5,1.4,0.5,0.1,0.4,1.0,3.5,,10.0,6-2,200.0,"August 20, 1991",ca CA,13,Texas,2024,ORL
14,16.0,Jett Howard,21.0,SF,60,0,11.7,1.6,4.4,0.374,0.9,3.1,0.296,0.7,1.3,0.566,0.479,0.3,0.4,0.696,0.3,0.8,1.2,0.7,0.2,0.2,0.6,1.1,4.5,,13.0,6-8,215.0,"September 14, 2003",us US,1,Michigan,2024,ORL
0,1.0,Trae Young,26.0,PG,76,76,36.0,7.4,18.1,0.411,2.9,8.4,0.34,4.6,9.7,0.474,0.491,6.5,7.4,0.875,0.5,2.6,3.1,11.6,1.2,0.2,4.7,1.9,24.2,,11,6-1,164.0,"September 19, 1998",us US,6,Oklahoma,2024,ATL
1,2.0,Jalen Johnson,23.0,SF,36,36,35.7,7.5,15.1,0.5,1.2,3.9,0.312,6.3,11.1,0.566,0.541,2.6,3.5,0.746,1.7,8.3,10.0,5.0,1.6,1.0,2.9,1.9,18.9,,1,6-9,220.0,"December 18, 2001",us US,3,Duke,2024,ATL
2,3.0,Dyson Daniels,21.0,SG,76,76,33.8,6.0,12.1,0.493,1.1,3.1,0.34,4.9,9.1,0.545,0.536,1.1,1.8,0.593,1.6,4.3,5.9,4.4,3.0,0.7,2.0,2.3,14.1,,5,6-8,199.0,"March 17, 2003",au AU,2,,2024,ATL
3,5.0,Onyeka Okongwu,24.0,C,74,40,27.9,5.2,9.2,0.567,0.6,2.0,0.324,4.6,7.2,0.634,0.602,2.2,2.9,0.759,3.0,5.9,8.9,2.3,0.9,0.9,1.2,2.6,13.4,,17,6-8,235.0,"December 11, 2000",us US,4,USC,2024,ATL
4,7.0,Caris LeVert,30.0,SG,26,0,26.6,5.6,11.6,0.482,1.8,5.2,0.338,3.8,6.3,0.6,0.558,2.0,2.8,0.722,0.7,3.0,3.7,2.9,0.9,0.5,1.0,2.0,14.9,,3,6-6,205.0,"August 25, 1994",us US,8,Michigan,2024,ATL
5,9.0,Zaccharie Risacher,19.0,SF,75,73,24.6,4.8,10.4,0.458,1.6,4.6,0.355,3.1,5.8,0.54,0.537,1.4,2.0,0.711,1.1,2.4,3.6,1.2,0.7,0.5,1.2,2.0,12.6,,10,6-8,200.0,"April 8, 2005",es ES,R,,2024,ATL
6,10.0,Georges Niang,31.0,PF,28,2,23.0,4.3,9.7,0.441,2.7,6.6,0.413,1.6,3.1,0.5,0.581,0.8,1.0,0.793,0.5,2.5,3.0,1.6,0.4,0.3,1.2,2.6,12.1,,20,6-7,230.0,"June 17, 1993",us US,8,Iowa State,2024,ATL
7,11.0,Terance Mann,28.0,SG,30,1,22.7,3.9,7.3,0.541,1.1,2.9,0.386,2.8,4.3,0.646,0.619,0.8,1.2,0.667,1.2,1.9,3.1,2.1,0.6,0.1,0.7,2.0,9.8,,14,6-5,215.0,"October 18, 1996",us US,5,Florida State,2024,ATL
8,12.0,Clint Capela,30.0,C,55,41,21.4,4.0,7.1,0.559,0.0,0.0,0.0,4.0,7.1,0.56,0.559,0.9,1.8,0.536,3.2,5.4,8.5,1.1,0.6,1.0,0.9,1.9,8.9,,15,6-10,240.0,"May 18, 1994",ch CH,10,,2024,ATL
9,13.0,Vit Krejci,24.0,PG,57,16,20.2,2.5,5.1,0.497,1.6,3.6,0.437,1.0,1.5,0.64,0.651,0.6,0.8,0.711,0.4,2.4,2.7,2.6,0.6,0.5,0.9,1.8,7.2,,27,6-8,195.0,"June 19, 2000",cz CZ,3,,2024,ATL
10,14.0,Larry Nance Jr.,32.0,PF,24,3,19.3,3.3,6.5,0.516,1.4,3.2,0.447,1.9,3.3,0.582,0.626,0.4,0.5,0.692,1.0,3.3,4.3,1.6,0.8,0.5,0.7,1.5,8.5,,22,6-8,245.0,"January 1, 1993",us US,9,Wyoming,2024,ATL
11,15.0,Garrison Mathews,28.0,SG,47,2,17.7,2.2,5.5,0.397,1.8,4.6,0.39,0.4,0.8,0.436,0.562,1.4,1.7,0.821,0.3,1.6,1.9,1.3,0.6,0.3,0.7,1.7,7.5,,24,6-5,215.0,"October 24, 1996",us US,5,Lipscomb,2024,ATL
12,16.0,Mouhamed Gueye,22.0,PF,33,28,16.2,2.2,5.2,0.421,0.6,2.5,0.259,1.5,2.7,0.567,0.482,1.0,1.3,0.762,1.3,2.9,4.2,0.8,0.8,1.0,0.5,1.7,6.0,,18,6-11,210.0,"November 9, 2002",sn SN,1,Washington State,2024,ATL
13,19.0,Kobe Bufkin,21.0,SG,10,0,12.4,1.8,4.7,0.383,0.4,1.9,0.211,1.4,2.8,0.5,0.426,1.3,1.8,0.722,0.5,1.6,2.1,1.7,0.3,0.2,0.8,0.9,5.3,,4,6-4,195.0,"September 21, 2003",us US,1,Michigan,2024,ATL
14,21.0,Dominick Barlow,21.0,SF,35,4,10.7,1.7,3.2,0.531,0.2,0.8,0.259,1.5,2.5,0.616,0.562,0.6,0.9,0.636,1.0,1.4,2.4,0.5,0.3,0.5,0.1,1.3,4.2,,0,6-9,221.0,"May 26, 2003",us US,2,,2024,ATL
0,2.0,Coby White,24.0,SG,74,73,33.1,6.9,15.1,0.453,2.9,7.9,0.37,3.9,7.3,0.544,0.55,3.7,4.1,0.902,0.3,3.4,3.7,4.5,0.9,0.2,2.4,2.1,20.4,,0,6-5,195.0,"February 16, 2000",us US,5,UNC,2024,CHI
1,3.0,Nikola VuÄeviÄ,34.0,C,73,72,31.2,7.5,14.2,0.53,1.8,4.4,0.402,5.8,9.8,0.587,0.592,1.6,2.0,0.805,2.4,7.6,10.1,3.5,0.8,0.7,1.6,2.2,18.5,,9,6-10,260.0,"October 24, 1990",ch CH,13,USC,2024,CHI
2,4.0,Ayo Dosunmu,25.0,SG,46,26,30.3,4.8,9.8,0.492,1.3,4.1,0.328,3.5,5.7,0.612,0.561,1.3,1.7,0.785,0.6,2.9,3.5,4.5,0.9,0.4,1.5,2.3,12.3,,11,6-5,200.0,"January 17, 2000",us US,3,Illinois,2024,CHI
3,5.0,Josh Giddey,22.0,PG,70,69,30.2,5.3,11.4,0.465,1.5,4.0,0.378,3.8,7.4,0.512,0.531,2.5,3.2,0.781,1.8,6.3,8.1,7.2,1.2,0.6,2.9,1.7,14.6,,3,6-8,210.0,"October 10, 2002",au AU,3,,2024,CHI
4,6.0,Kevin Huerter,26.0,SG,26,16,30.0,5.0,11.3,0.439,2.7,7.2,0.376,2.3,4.2,0.546,0.558,0.6,0.8,0.714,0.4,2.8,3.3,3.2,1.2,0.3,1.2,2.0,13.2,,13,6-7,190.0,"August 27, 1998",us US,6,Maryland,2024,CHI
5,7.0,Tre Jones,25.0,PG,18,9,25.3,4.6,8.1,0.572,0.6,1.2,0.5,4.0,6.8,0.585,0.61,1.7,1.9,0.882,0.9,2.3,3.2,4.9,1.1,0.3,0.8,1.2,11.5,,30,6-1,185.0,"January 8, 2000",us US,4,Duke,2024,CHI
6,8.0,Patrick Williams,23.0,PF,63,36,25.0,3.3,8.2,0.397,1.5,4.3,0.353,1.7,3.9,0.447,0.49,1.0,1.3,0.723,0.7,3.1,3.8,2.0,0.8,0.5,1.4,1.4,9.0,,44,6-7,215.0,"August 26, 2001",us US,4,Florida State,2024,CHI
7,9.0,Lonzo Ball,27.0,PG,35,14,22.2,2.5,6.9,0.366,1.9,5.6,0.344,0.6,1.4,0.458,0.504,0.6,0.8,0.815,0.7,2.7,3.4,3.3,1.3,0.5,1.2,1.6,7.6,,2,6-6,190.0,"October 27, 1997",us US,5,UCLA,2024,CHI
8,10.0,Zach Collins,27.0,PF,28,8,19.7,3.3,6.1,0.541,0.6,2.1,0.3,2.6,3.9,0.673,0.594,1.4,1.5,0.884,2.3,4.4,6.7,2.1,0.5,0.5,1.3,2.2,8.6,,12,6-11,250.0,"November 19, 1997",us US,6,Gonzaga,2024,CHI
9,11.0,Matas Buzelis,20.0,SF,80,31,18.9,3.2,6.9,0.454,1.2,3.3,0.361,2.0,3.6,0.54,0.541,1.1,1.4,0.815,0.7,2.8,3.5,1.0,0.4,0.9,0.9,1.6,8.6,,14,6-10,209.0,"October 13, 2004",us US,R,,2024,CHI
10,12.0,Jalen Smith,24.0,C,64,2,15.0,3.0,6.4,0.466,1.1,3.5,0.324,1.8,2.9,0.634,0.554,1.1,1.4,0.809,1.4,4.2,5.6,1.0,0.3,0.7,0.6,1.5,8.2,,7,6-10,215.0,"March 16, 2000",us US,4,Maryland,2024,CHI
11,13.0,Julian Phillips,21.0,SF,79,5,14.2,1.6,3.6,0.446,0.6,1.9,0.327,1.0,1.7,0.582,0.533,0.8,1.0,0.789,0.8,1.3,2.1,0.5,0.5,0.3,0.3,1.4,4.6,,15,6-8,198.0,"November 5, 2003",us US,1,Tennessee,2024,CHI
12,14.0,Dalen Terry,22.0,SG,73,5,13.5,1.6,3.7,0.448,0.5,1.4,0.356,1.1,2.2,0.506,0.517,0.7,0.9,0.71,0.5,1.2,1.7,1.3,0.6,0.2,0.7,1.6,4.5,,25,6-7,195.0,"July 12, 2002",us US,2,Arizona,2024,CHI
13,16.0,Talen Horton-Tucker,24.0,SG,58,0,12.5,2.3,5.0,0.457,0.7,2.1,0.336,1.6,2.9,0.544,0.527,1.2,1.7,0.735,0.3,1.4,1.7,1.4,0.4,0.2,0.7,1.0,6.5,,22,6-4,234.0,"November 25, 2000",us US,5,Iowa State,2024,CHI
14,17.0,Jevon Carter,29.0,PG,36,1,8.9,1.5,4.1,0.377,1.0,2.9,0.333,0.6,1.1,0.488,0.497,0.2,0.3,0.8,0.1,1.0,1.1,1.1,0.4,0.1,0.3,0.4,4.3,,5,6-1,200.0,"September 14, 1995",us US,6,West Virginia,2024,CHI
0,1.0,Tyler Herro,25.0,SG,77,77,35.4,8.5,17.9,0.472,3.3,8.7,0.375,5.2,9.2,0.565,0.563,3.7,4.2,0.878,0.5,4.7,5.2,5.5,0.9,0.2,2.6,1.1,23.9,,14,6-5,195.0,"January 20, 2000",us US,5,Kentucky,2024,MIA
1,2.0,Bam Adebayo,27.0,C,78,78,34.3,6.9,14.3,0.485,1.0,2.8,0.357,5.9,11.4,0.517,0.521,3.2,4.2,0.765,2.4,7.2,9.6,4.3,1.3,0.7,2.1,2.1,18.1,,13,6-9,255.0,"July 18, 1997",us US,7,Kentucky,2024,MIA
2,3.0,Andrew Wiggins,29.0,SF,17,17,32.1,6.8,14.8,0.458,2.1,5.9,0.36,4.6,8.9,0.523,0.53,3.4,4.6,0.731,1.4,2.9,4.2,3.3,1.2,1.0,2.5,1.8,19.0,,22,6-7,197.0,"February 23, 1995",ca CA,10,Kansas,2024,MIA
3,4.0,Davion Mitchell,26.0,PG,30,15,31.6,3.9,7.7,0.504,1.4,3.1,0.447,2.5,4.6,0.543,0.595,1.1,1.6,0.702,0.6,2.1,2.7,5.3,1.4,0.3,1.7,2.3,10.3,,45,6-2,205.0,"September 5, 1998",us US,3,"Auburn, Baylor",2024,MIA
4,6.0,Terry Rozier,30.0,PG,64,23,25.9,3.9,9.9,0.391,1.4,4.8,0.295,2.5,5.1,0.48,0.462,1.4,1.7,0.852,0.7,3.0,3.7,2.6,0.6,0.2,1.2,1.1,10.6,,2,6-1,190.0,"March 17, 1994",us US,9,Louisville,2024,MIA
5,7.0,Nikola JoviÄ,21.0,PF,46,10,25.1,3.7,8.2,0.456,1.7,4.6,0.371,2.0,3.6,0.563,0.56,1.6,1.9,0.828,0.6,3.3,3.9,2.8,0.8,0.3,1.3,1.8,10.7,,5,6-10,209.0,"June 9, 2003",gb GB,2,,2024,MIA
6,8.0,Haywood Highsmith,28.0,SF,74,42,24.6,2.4,5.3,0.458,1.2,3.1,0.382,1.2,2.1,0.57,0.572,0.4,0.6,0.721,1.0,2.4,3.4,1.5,0.9,0.5,0.7,2.2,6.5,,24,6-7,220.0,"December 9, 1996",us US,4,Wheeling University,2024,MIA
7,9.0,Duncan Robinson,30.0,SF,74,37,24.1,3.9,9.0,0.437,2.6,6.5,0.393,1.4,2.4,0.556,0.581,0.6,0.7,0.887,0.2,2.0,2.3,2.4,0.5,0.1,1.2,1.8,11.0,,55,6-7,215.0,"April 22, 1994",us US,6,"Williams, Michigan",2024,MIA
8,10.0,Kel'el Ware,20.0,C,64,36,22.2,4.0,7.3,0.554,0.5,1.7,0.315,3.5,5.5,0.629,0.592,0.7,1.0,0.687,1.8,5.6,7.4,0.9,0.6,1.1,0.9,1.7,9.3,,7,7-0,230.0,"April 20, 2004",us US,R,"Oregon, Indiana",2024,MIA
9,11.0,Jaime Jaquez Jr.,23.0,SF,66,17,20.7,3.2,7.0,0.461,0.6,1.8,0.311,2.7,5.2,0.513,0.501,1.6,2.2,0.754,1.3,3.1,4.4,2.5,0.9,0.2,1.5,1.2,8.6,,11,6-6,225.0,"February 18, 2001",us US,1,UCLA,2024,MIA
10,14.0,Kyle Anderson,31.0,SF,25,1,18.4,2.6,5.4,0.493,0.2,0.7,0.333,2.4,4.6,0.517,0.515,1.2,1.5,0.789,1.0,2.8,3.8,2.6,0.6,0.5,0.7,1.6,6.7,,20,6-9,230.0,"September 20, 1993",us US,10,UCLA,2024,MIA
11,15.0,Alec Burks,33.0,SG,49,14,17.6,2.3,5.5,0.424,1.8,4.2,0.425,0.6,1.3,0.422,0.587,0.8,1.0,0.776,0.3,2.2,2.5,1.1,0.6,0.1,0.6,0.8,7.3,,18,6-6,214.0,"July 20, 1991",us US,13,Colorado,2024,MIA
12,16.0,Pelle Larsson,23.0,SG,55,8,14.2,1.6,3.7,0.438,0.6,1.7,0.337,1.0,2.0,0.528,0.517,0.7,1.1,0.672,0.5,1.2,1.7,1.2,0.6,0.1,0.4,1.7,4.6,,9,6-5,215.0,"February 23, 2001",se SE,R,"Utah, Arizona",2024,MIA
13,18.0,Kevin Love,36.0,PF,23,9,10.9,1.8,5.0,0.357,1.0,2.9,0.358,0.7,2.1,0.354,0.461,0.7,1.0,0.696,1.0,3.1,4.1,1.0,0.7,0.2,0.6,0.9,5.3,,42,6-8,251.0,"September 7, 1988",us US,16,UCLA,2024,MIA
14,19.0,Keshad Johnson,23.0,SF,16,0,6.1,1.1,1.6,0.692,0.2,0.4,0.429,0.9,1.2,0.789,0.75,0.3,0.6,0.444,0.4,1.4,1.8,0.3,0.3,0.3,0.3,0.7,2.7,,16,6-6,225.0,"June 23, 2001",us US,R,"San Diego State, Arizona",2024,MIA
0,1.0,Scottie Barnes,23.0,PF,65,65,32.8,7.3,16.4,0.446,1.2,4.3,0.271,6.1,12.0,0.508,0.482,3.5,4.6,0.755,1.7,6.0,7.7,5.8,1.4,1.0,2.8,1.7,19.3,,4.0,6-7,227.0,"August 1, 2001",us US,3,Florida State,2024,TOR
1,2.0,RJ Barrett,24.0,SF,58,58,32.2,7.9,16.9,0.468,1.8,5.3,0.35,6.1,11.7,0.522,0.523,3.4,5.4,0.63,1.1,5.3,6.3,5.4,0.8,0.3,2.8,2.4,21.1,,9.0,6-6,214.0,"June 14, 2000",ca CA,5,Duke,2024,TOR
2,3.0,Jakob Poeltl,29.0,C,57,56,29.6,6.4,10.2,0.627,0.0,0.1,0.333,6.4,10.1,0.628,0.628,1.7,2.5,0.674,3.3,6.3,9.6,2.8,1.2,1.2,1.9,3.1,14.5,,19.0,7-0,245.0,"October 15, 1995",at AT,8,Utah,2024,TOR
3,4.0,Gradey Dick,21.0,SG,54,54,29.4,4.9,12.0,0.41,2.1,6.0,0.35,2.8,5.9,0.47,0.498,2.5,2.9,0.858,0.8,2.8,3.6,1.8,0.9,0.2,1.5,2.2,14.4,,1.0,6-6,205.0,"November 20, 2003",us US,1,Kansas,2024,TOR
4,5.0,Immanuel Quickley,25.0,PG,33,33,27.8,5.6,13.3,0.42,2.6,6.8,0.378,3.0,6.5,0.465,0.517,3.4,3.9,0.867,0.5,3.1,3.5,5.8,0.7,0.1,1.8,1.8,17.1,,5.0,6-3,190.0,"June 17, 1999",us US,4,Kentucky,2024,TOR
5,6.0,Ochai Agbaji,24.0,SG,64,45,27.2,4.2,8.3,0.498,1.6,4.0,0.399,2.6,4.4,0.587,0.593,0.5,0.8,0.708,1.0,2.8,3.8,1.5,0.9,0.5,0.8,2.0,10.4,,30.0,6-5,215.0,"April 20, 2000",us US,2,Kansas,2024,TOR
6,7.0,Colin Castleton,24.0,C,11,4,26.2,2.9,5.8,0.5,0.2,0.7,0.25,2.7,5.1,0.536,0.516,1.2,1.6,0.722,3.1,3.8,6.9,1.6,0.5,0.7,1.9,2.9,7.2,,11.0,6-11,250.0,"May 25, 2000",us US,1,"Michigan, Florida",2024,TOR
7,10.0,Ja'Kobe Walter,20.0,SG,52,18,21.2,3.1,7.6,0.405,1.3,3.6,0.349,1.8,4.0,0.454,0.487,1.3,1.6,0.795,1.1,1.9,3.1,1.6,0.8,0.2,1.0,1.8,8.6,,14.0,6-5,180.0,"September 4, 2004",us US,R,Baylor,2024,TOR
8,11.0,Jonathan Mogbo,23.0,PF,63,18,20.4,2.5,5.7,0.438,0.3,1.1,0.243,2.2,4.5,0.486,0.462,1.0,1.3,0.732,1.7,3.2,4.9,2.3,0.9,0.5,1.1,2.2,6.2,,2.0,6-9,225.0,"October 29, 2001",us US,R,"Missouri State, San Francisco",2024,TOR
9,14.0,Jamal Shead,22.0,PG,75,11,19.6,2.7,6.7,0.405,1.0,3.0,0.323,1.8,3.7,0.47,0.476,0.7,0.9,0.768,0.4,1.1,1.5,4.2,0.8,0.1,1.6,2.1,7.1,,23.0,6-0,200.0,"June 24, 2002",us US,R,Houston,2024,TOR
10,16.0,A.J. Lawson,24.0,SG,26,2,18.7,3.1,7.3,0.421,1.3,3.9,0.327,1.8,3.4,0.528,0.508,1.7,2.4,0.683,0.8,2.5,3.3,1.2,0.5,0.2,0.6,1.7,9.1,,0.0,6-6,179.0,"July 15, 2000",ca CA,2,South Carolina,2024,TOR
11,17.0,Jamison Battle,23.0,SF,59,10,17.7,2.5,5.9,0.429,1.8,4.4,0.405,0.7,1.5,0.5,0.581,0.3,0.3,0.889,0.6,2.1,2.7,0.9,0.3,0.2,0.5,1.6,7.1,,77.0,6-7,220.0,"May 10, 2001",us US,R,"George Washington, Minnesota, Ohio State",2024,TOR
12,18.0,Chris Boucher,32.0,PF,50,0,17.2,3.6,7.4,0.492,1.4,3.9,0.363,2.2,3.5,0.633,0.586,1.4,1.7,0.782,1.4,3.1,4.5,0.7,0.5,0.5,0.6,1.4,10.0,,25.0,6-9,200.0,"January 11, 1993",lc LC,7,"New Mexico Junior College, Northwest College, Oregon",2024,TOR
13,22.0,Garrett Temple,38.0,SG,28,0,8.1,0.6,2.1,0.3,0.2,1.0,0.214,0.4,1.1,0.375,0.35,0.4,0.4,0.917,0.3,0.7,1.0,1.1,0.6,0.1,0.4,0.8,1.9,,17.0,6-5,195.0,"May 8, 1986",us US,14,LSU,2024,TOR
0,2.0,Cameron Johnson,28.0,PF,57,57,31.6,6.2,13.1,0.475,2.8,7.2,0.39,3.4,5.9,0.578,0.582,3.5,3.9,0.893,0.9,3.4,4.3,3.4,0.9,0.4,1.7,1.8,18.8,,2,6-8,210.0,"March 3, 1996",us US,5,"Pitt, UNC",2024,BRK
1,3.0,Cam Thomas,23.0,SG,25,23,31.2,8.0,18.2,0.438,2.7,7.8,0.349,5.2,10.4,0.506,0.513,5.3,6.0,0.881,0.6,2.7,3.3,3.8,0.6,0.1,2.5,1.8,24.0,,24,6-4,210.0,"October 13, 2001",jp JP,3,LSU,2024,BRK
2,5.0,Drew Timme,24.0,PF,9,2,28.2,5.0,11.3,0.441,1.0,3.9,0.257,4.0,7.4,0.537,0.485,1.1,1.8,0.625,1.9,5.3,7.2,2.2,0.4,0.1,1.7,2.3,12.1,,26,6-10,235.0,"September 9, 2000",us US,R,Gonzaga,2024,BRK
3,7.0,Nic Claxton,25.0,C,70,62,26.9,4.6,8.1,0.563,0.1,0.3,0.238,4.5,7.8,0.576,0.568,1.1,2.2,0.513,2.2,5.1,7.4,2.2,0.9,1.4,1.2,2.1,10.3,,33,6-11,215.0,"April 17, 1999",us US,5,Georgia,2024,BRK
4,8.0,Jalen Wilson,24.0,PF,79,22,25.7,3.1,7.8,0.397,1.5,4.6,0.337,1.6,3.3,0.481,0.495,1.7,2.1,0.818,0.9,2.5,3.4,1.8,0.5,0.1,1.0,2.1,9.5,,22,6-8,225.0,"November 4, 2000",us US,1,Kansas,2024,BRK
5,10.0,D'Angelo Russell,28.0,PG,29,26,24.7,4.1,11.3,0.367,2.0,6.6,0.297,2.2,4.7,0.467,0.454,2.6,3.2,0.826,0.4,2.4,2.8,5.6,1.1,0.7,2.0,2.1,12.9,,1,6-3,193.0,"February 23, 1996",us US,9,Ohio State,2024,BRK
6,11.0,Ziaire Williams,23.0,SF,63,45,24.5,3.4,8.3,0.412,1.6,4.8,0.341,1.8,3.5,0.509,0.511,1.6,2.0,0.821,1.0,3.6,4.6,1.3,1.0,0.4,1.1,2.4,10.0,,"1, 8",6-9,215.0,"September 12, 2001",us US,3,Stanford,2024,BRK
7,12.0,Keon Johnson,22.0,SG,79,56,24.4,3.8,9.9,0.389,1.6,5.1,0.314,2.2,4.8,0.468,0.47,1.4,1.8,0.77,0.8,3.0,3.8,2.2,1.0,0.4,1.5,2.6,10.6,,45,6-5,186.0,"March 10, 2002",us US,3,Tennessee,2024,BRK
8,14.0,Noah Clowney,20.0,PF,46,20,22.7,2.9,8.1,0.358,1.9,5.7,0.333,1.0,2.4,0.414,0.474,1.5,1.7,0.838,0.9,3.0,3.9,0.9,0.5,0.5,1.0,2.3,9.1,,21,6-10,210.0,"July 14, 2004",us US,1,Alabama,2024,BRK
9,15.0,Tyrese Martin,25.0,SG,60,11,21.9,3.2,7.8,0.406,1.7,4.7,0.351,1.5,3.1,0.492,0.513,0.8,1.0,0.793,1.0,2.7,3.7,2.0,0.6,0.2,1.2,1.3,8.7,,13,6-6,215.0,"March 7, 1999",us US,1,"Rhode Island, UConn",2024,BRK
10,17.0,Trendon Watford,24.0,PF,44,6,20.8,3.7,8.0,0.469,0.7,2.0,0.33,3.1,6.0,0.515,0.51,2.1,2.8,0.762,0.8,2.8,3.6,2.6,0.6,0.3,1.9,2.2,10.2,,9,6-9,240.0,"November 9, 2000",us US,3,LSU,2024,BRK
11,19.0,Day'Ron Sharpe,23.0,C,50,2,18.1,3.3,6.3,0.521,0.2,0.9,0.244,3.1,5.4,0.566,0.538,1.1,1.5,0.757,3.0,3.6,6.6,1.8,0.8,0.8,1.3,2.3,7.9,,20,6-11,265.0,"November 6, 2001",us US,3,UNC,2024,BRK
12,20.0,Maxwell Lewis,22.0,SF,21,1,14.2,2.0,4.9,0.422,0.9,2.4,0.38,1.1,2.5,0.462,0.515,0.3,0.5,0.7,0.8,1.8,2.5,0.8,0.4,0.3,0.6,1.3,5.3,,27,6-7,195.0,"July 27, 2002",us US,1,Pepperdine,2024,BRK
13,22.0,Dariq Whitehead,20.0,SF,20,0,12.3,2.0,4.8,0.406,1.7,3.7,0.446,0.3,1.1,0.273,0.578,0.2,0.3,0.6,0.2,1.3,1.5,0.6,0.3,0.1,0.8,1.1,5.7,,0,6-7,220.0,"August 1, 2004",us US,1,Duke,2024,BRK
0,1.0,Tyrese Maxey,24.0,PG,52,52,37.7,9.2,21.0,0.437,3.1,9.2,0.337,6.1,11.8,0.515,0.511,4.9,5.6,0.879,0.3,3.1,3.3,6.1,1.8,0.4,2.4,2.2,26.3,,0,6-2,200.0,"November 4, 2000",us US,4,Kentucky,2024,PHI
1,2.0,Kelly Oubre Jr.,29.0,SF,60,57,34.6,5.8,12.4,0.47,1.2,4.0,0.293,4.6,8.3,0.555,0.518,2.3,3.1,0.751,1.6,4.5,6.1,1.8,1.5,0.5,1.3,3.0,15.1,,9,6-8,203.0,"December 9, 1995",us US,9,Kansas,2024,PHI
2,3.0,Quentin Grimes,24.0,SG,28,25,33.7,7.7,16.4,0.469,2.9,7.9,0.373,4.8,8.5,0.559,0.559,3.6,4.8,0.752,1.0,4.1,5.2,4.5,1.5,0.4,2.9,2.1,21.9,,5,6-5,205.0,"May 8, 2000",us US,3,"Kansas, Houston",2024,PHI
3,4.0,Paul George,34.0,PF,41,41,32.5,6.0,13.9,0.43,2.3,6.5,0.358,3.6,7.4,0.493,0.514,1.9,2.4,0.814,0.6,4.8,5.3,4.3,1.8,0.5,2.6,2.5,16.2,,8,6-8,220.0,"May 2, 1990",us US,14,Fresno State,2024,PHI
4,6.0,Joel Embiid,30.0,C,19,19,30.2,7.4,16.6,0.444,1.2,4.1,0.299,6.2,12.5,0.492,0.481,7.8,8.9,0.882,1.9,6.3,8.2,4.5,0.7,0.9,3.3,2.2,23.8,,21,7-0,280.0,"March 16, 1994",cm CM,8,Kansas,2024,PHI
5,7.0,Guerschon Yabusele,29.0,C,70,43,27.1,4.0,8.0,0.501,1.5,3.9,0.38,2.5,4.1,0.616,0.593,1.4,2.0,0.725,1.9,3.7,5.6,2.1,0.8,0.3,1.2,2.3,11.0,,28,6-8,260.0,"December 17, 1995",fr FR,2,,2024,PHI
6,8.0,Justin Edwards,21.0,SF,44,26,26.3,3.9,8.6,0.455,1.6,4.3,0.363,2.3,4.3,0.548,0.546,0.7,1.0,0.696,1.0,2.3,3.4,1.6,1.0,0.4,1.1,2.2,10.1,,19,6-6,203.0,"December 16, 2003",us US,R,Kentucky,2024,PHI
7,9.0,Jared McCain,20.0,SG,23,8,25.7,5.5,11.9,0.46,2.2,5.8,0.383,3.3,6.1,0.532,0.553,2.1,2.4,0.875,0.6,1.9,2.4,2.6,0.7,0.0,1.6,1.6,15.3,,20,6-2,195.0,"February 20, 2004",us US,R,Duke,2024,PHI
8,12.0,Jared Butler,24.0,SG,28,17,24.4,4.2,9.9,0.426,1.6,4.6,0.352,2.6,5.3,0.49,0.507,1.4,1.6,0.87,0.4,2.1,2.5,4.9,1.1,0.3,1.8,2.0,11.5,,12,6-3,195.0,"August 25, 2000",us US,3,Baylor,2024,PHI
9,13.0,Lonnie Walker IV,26.0,SG,20,7,23.9,4.5,10.6,0.42,2.3,6.4,0.354,2.2,4.3,0.518,0.526,1.2,1.5,0.8,0.3,2.9,3.2,2.5,0.5,0.3,1.3,1.4,12.4,,16,6-4,204.0,"December 14, 1998",us US,6,Miami (FL),2024,PHI
10,17.0,Eric Gordon,36.0,SG,39,13,19.7,2.2,5.2,0.426,1.4,3.5,0.409,0.8,1.7,0.463,0.564,0.9,1.2,0.75,0.2,1.0,1.2,1.7,0.7,0.3,0.7,0.8,6.8,,23,6-3,215.0,"December 25, 1988",us US,16,Indiana,2024,PHI
11,19.0,Kyle Lowry,38.0,PG,35,12,18.8,1.2,3.3,0.35,0.8,2.5,0.33,0.3,0.8,0.414,0.474,0.8,0.9,0.818,0.3,1.6,1.9,2.7,0.9,0.3,0.6,1.8,3.9,,7,6-0,196.0,"March 25, 1986",us US,18,Villanova,2024,PHI
12,20.0,Andre Drummond,31.0,C,40,23,18.8,2.9,5.9,0.5,0.1,0.5,0.15,2.9,5.4,0.533,0.506,1.4,2.3,0.622,2.7,5.0,7.8,0.9,1.0,0.5,1.4,2.4,7.3,,"1, 5",6-11,279.0,"August 10, 1993",us US,12,UConn,2024,PHI
13,21.0,Ricky Council IV,23.0,SF,73,12,17.1,2.4,6.3,0.382,0.8,2.9,0.258,1.7,3.4,0.488,0.442,1.7,2.1,0.804,0.7,2.2,2.9,1.3,0.4,0.2,0.7,0.9,7.3,,14,6-6,205.0,"August 3, 2001",us US,1,"Wichita State, Arkansas",2024,PHI
14,22.0,Isaiah Mobley,25.0,PF,1,0,17.0,2.0,7.0,0.286,1.0,3.0,0.333,1.0,4.0,0.25,0.357,1.0,2.0,0.5,1.0,3.0,4.0,5.0,1.0,1.0,0.0,3.0,6.0,,25,6-8,240.0,"September 24, 1999",us US,2,USC,2024,PHI
15,23.0,Adem Bona,21.0,C,58,11,15.6,2.3,3.3,0.703,0.0,0.0,0.0,2.3,3.3,0.707,0.703,1.2,1.7,0.67,1.6,2.6,4.2,0.5,0.4,1.2,1.1,2.2,5.8,,30,6-10,235.0,"March 28, 2003",ng NG,R,UCLA,2024,PHI
0,1.0,Brandon Miller,22.0,SF,27,27,34.2,7.3,18.2,0.403,3.9,10.9,0.355,3.5,7.3,0.475,0.509,2.5,2.9,0.861,0.9,3.9,4.9,3.6,1.1,0.7,2.8,2.7,21.0,,24,6-9,201.0,"November 22, 2002",us US,1,Alabama,2024,CHO
1,2.0,LaMelo Ball,23.0,PG,47,47,32.0,8.6,21.3,0.405,3.8,11.2,0.339,4.8,10.1,0.478,0.494,4.1,4.9,0.843,1.0,3.9,4.9,7.4,1.1,0.3,3.6,3.3,25.2,,1,6-7,180.0,"August 22, 2001",us US,4,,2024,CHO
2,3.0,Miles Bridges,26.0,PF,64,64,31.7,7.3,17.0,0.431,2.2,7.0,0.313,5.1,10.0,0.513,0.495,3.5,4.0,0.87,1.1,6.4,7.5,3.9,0.7,0.7,2.1,1.5,20.3,,0,6-7,225.0,"March 21, 1998",us US,5,Michigan State,2024,CHO
3,4.0,Grant Williams,26.0,PF,16,7,29.9,3.4,7.7,0.439,1.7,4.6,0.365,1.7,3.1,0.551,0.549,1.9,2.3,0.838,1.1,4.0,5.1,2.3,1.1,0.8,1.8,2.9,10.4,,2,6-6,236.0,"November 30, 1998",us US,5,Tennessee,2024,CHO
4,5.0,Josh Green,24.0,SG,68,67,27.8,2.6,6.2,0.428,1.4,3.6,0.391,1.2,2.5,0.48,0.543,0.7,1.1,0.681,0.8,1.7,2.5,1.6,1.1,0.2,1.0,2.4,7.4,,10,6-5,200.0,"November 16, 2000",au AU,4,Arizona,2024,CHO
5,6.0,Mark Williams,23.0,C,44,41,26.6,6.1,10.2,0.604,0.0,0.1,0.0,6.1,10.1,0.609,0.604,3.0,3.7,0.804,3.0,7.2,10.2,2.5,0.7,1.2,1.6,2.4,15.3,,5,7-0,241.0,"December 16, 2001",us US,2,Duke,2024,CHO
6,9.0,Tre Mann,23.0,PG,13,0,24.5,5.4,12.4,0.435,1.8,4.6,0.4,3.5,7.8,0.455,0.509,1.5,1.6,0.905,0.9,2.0,2.9,3.0,0.5,0.3,1.9,1.8,14.1,,23,6-3,178.0,"February 3, 2001",us US,3,Florida,2024,CHO
7,11.0,DaQuan Jeffries,27.0,SG,47,20,22.8,2.5,6.2,0.405,1.2,3.5,0.335,1.3,2.7,0.496,0.5,0.5,0.6,0.8,0.8,2.1,2.9,1.1,0.6,0.5,0.7,2.1,6.7,,3,6-5,230.0,"August 30, 1997",us US,5,"Oral Roberts, Tulsa",2024,CHO
8,12.0,Nick Smith Jr.,20.0,SG,60,27,22.8,3.7,9.5,0.391,1.7,5.1,0.34,2.0,4.4,0.45,0.482,0.7,0.8,0.935,0.2,1.9,2.1,2.4,0.3,0.1,1.4,1.3,9.9,,8,6-2,185.0,"April 18, 2004",us US,1,Arkansas,2024,CHO
9,15.0,Tidjane SalaÃ¼n,19.0,PF,60,10,20.7,1.9,5.8,0.33,1.0,3.4,0.283,0.9,2.3,0.4,0.414,1.1,1.6,0.713,1.2,3.5,4.7,1.2,0.5,0.2,1.0,1.4,5.9,,31,6-9,207.0,"August 10, 2005",fr FR,R,,2024,CHO
10,18.0,Jaylen Sims,26.0,SG,6,0,18.7,2.0,4.7,0.429,1.0,2.5,0.4,1.0,2.2,0.462,0.536,2.0,2.5,0.8,0.5,0.5,1.0,2.0,0.5,0.2,1.3,1.7,7.0,,33,6-6,195.0,"December 11, 1998",us US,R,UNC Wilmington,2024,CHO
11,19.0,Josh Okogie,26.0,SG,15,6,18.3,2.5,6.5,0.388,1.1,3.3,0.32,1.5,3.2,0.458,0.469,2.7,3.5,0.774,0.9,1.9,2.7,1.3,1.8,0.5,1.0,1.3,8.9,,12,6-4,213.0,"September 1, 1998",ng NG,6,Georgia Tech,2024,CHO
12,20.0,Jusuf NurkiÄ,30.0,C,26,9,18.1,3.6,7.3,0.497,0.5,1.8,0.283,3.1,5.5,0.566,0.532,1.4,2.3,0.627,1.5,5.0,6.5,2.6,0.7,0.7,1.5,2.0,9.2,,11,7-0,290.0,"August 23, 1994",ba BA,10,,2024,CHO
13,22.0,Moussa DiabatÃ©,23.0,C,71,8,17.5,2.4,3.9,0.596,0.0,0.1,0.0,2.4,3.9,0.609,0.596,1.0,1.6,0.595,2.6,3.5,6.2,0.8,0.6,0.6,0.9,1.5,5.7,,14,6-11,210.0,"January 21, 2002",fr FR,2,Michigan,2024,CHO
14,23.0,Seth Curry,34.0,SG,68,14,15.6,2.4,5.0,0.478,1.2,2.7,0.456,1.2,2.4,0.503,0.599,0.5,0.6,0.846,0.4,1.3,1.7,0.9,0.4,0.1,0.5,0.9,6.5,,30,6-1,185.0,"August 23, 1990",us US,10,"Liberty, Duke",2024,CHO
15,25.0,Taj Gibson,39.0,C,37,11,11.1,1.3,2.6,0.495,0.0,0.1,0.5,1.2,2.5,0.495,0.5,0.3,0.5,0.6,1.4,1.9,3.2,0.6,0.2,0.5,0.7,1.5,2.9,,67,6-9,232.0,"June 24, 1985",us US,15,USC,2024,CHO
0,1.0,Bilal Coulibaly,20.0,SF,59,59,33.0,4.5,10.6,0.421,1.1,3.8,0.281,3.4,6.8,0.5,0.472,2.3,3.1,0.746,1.5,3.4,5.0,3.4,1.3,0.7,2.1,2.4,12.3,,0.0,6-6,195.0,"July 26, 2004",fr FR,1,,2024,WAS
1,2.0,Bub Carrington,19.0,PG,82,57,30.0,3.7,9.1,0.401,1.7,5.0,0.339,2.0,4.2,0.475,0.493,0.8,1.0,0.812,0.4,3.8,4.2,4.4,0.7,0.3,1.7,2.3,9.8,,8.0,6-4,190.0,"July 21, 2005",us US,R,Pitt,2024,WAS
2,3.0,Jordan Poole,25.0,SG,68,68,29.4,6.7,15.5,0.432,3.5,9.1,0.378,3.3,6.4,0.51,0.544,3.6,4.0,0.883,0.5,2.5,3.0,4.5,1.3,0.4,3.0,3.0,20.5,,13.0,6-4,194.0,"June 19, 1999",us US,5,Michigan,2024,WAS
3,5.0,Alex Sarr,19.0,C,67,67,27.1,4.9,12.4,0.394,1.6,5.1,0.308,3.3,7.3,0.454,0.457,1.7,2.5,0.679,1.9,4.6,6.5,2.4,0.7,1.5,1.7,2.2,13.0,,20.0,7-0,205.0,"April 26, 2005",fr FR,R,,2024,WAS
4,6.0,AJ Johnson,20.0,SG,22,11,27.0,3.4,8.8,0.381,1.0,3.9,0.247,2.4,5.0,0.486,0.436,1.4,1.6,0.886,0.4,2.0,2.4,3.1,0.5,0.1,1.4,2.3,9.1,,5.0,6-4,160.0,"December 1, 2004",us US,R,,2024,WAS
5,7.0,Kyshawn George,21.0,SG,68,38,26.5,3.0,8.0,0.372,1.7,5.2,0.322,1.3,2.8,0.464,0.476,1.0,1.4,0.753,0.7,3.5,4.2,2.5,1.0,0.7,1.4,3.0,8.7,,18.0,6-7,200.0,"December 12, 2003",ch CH,R,Miami (FL),2024,WAS
6,8.0,Corey Kispert,25.0,SF,61,0,26.3,4.2,9.3,0.451,2.0,5.4,0.364,2.2,3.9,0.574,0.558,1.2,1.4,0.852,0.6,2.4,3.0,1.7,0.4,0.2,1.0,1.6,11.6,,24.0,6-7,220.0,"March 3, 1999",us US,3,Gonzaga,2024,WAS
7,9.0,Colby Jones,22.0,SG,15,0,25.7,3.2,6.9,0.466,0.8,2.6,0.308,2.4,4.3,0.563,0.524,1.5,2.3,0.657,0.9,3.4,4.3,2.5,1.3,0.4,1.1,1.6,8.7,,1.0,6-6,205.0,"May 28, 2002",us US,1,Xavier,2024,WAS
8,10.0,Malcolm Brogdon,32.0,PG,24,13,23.5,4.3,10.0,0.433,0.7,2.3,0.286,3.7,7.7,0.478,0.467,3.4,3.8,0.88,0.9,2.9,3.8,4.1,0.5,0.2,1.6,1.3,12.7,,15.0,6-4,229.0,"December 11, 1992",us US,8,Virginia,2024,WAS
9,11.0,Khris Middleton,33.0,SF,14,14,22.1,3.7,9.0,0.413,0.9,3.4,0.277,2.8,5.6,0.494,0.464,2.4,2.7,0.868,0.6,3.1,3.7,3.4,1.3,0.2,1.4,1.6,10.7,,32.0,6-7,222.0,"August 12, 1991",us US,12,Texas A&M,2024,WAS
10,12.0,Justin Champagnie,23.0,SF,62,31,21.6,3.4,6.6,0.511,1.2,3.1,0.383,2.2,3.5,0.624,0.601,0.8,1.2,0.685,1.8,3.9,5.7,1.0,1.0,0.6,0.9,1.8,8.8,,9.0,6-6,200.0,"June 29, 2001",us US,3,Pitt,2024,WAS
11,15.0,Marcus Smart,30.0,PG,15,1,18.7,3.2,7.3,0.44,1.3,3.4,0.392,1.9,3.9,0.483,0.532,1.6,2.3,0.686,0.3,1.7,1.9,2.5,1.1,0.2,1.3,1.5,9.3,,36.0,6-3,220.0,"March 6, 1994",us US,10,Oklahoma State,2024,WAS
12,17.0,Richaun Holmes,31.0,PF,31,7,17.2,2.9,4.5,0.647,0.0,0.1,0.0,2.9,4.4,0.662,0.647,1.6,1.9,0.833,2.0,3.7,5.7,1.4,0.3,0.7,0.7,1.6,7.4,,22.0,6-10,235.0,"October 15, 1993",us US,9,Bowling Green,2024,WAS
13,21.0,Anthony Gill,32.0,PF,51,0,7.8,0.8,1.7,0.489,0.2,0.6,0.323,0.6,1.1,0.579,0.545,0.6,1.0,0.66,0.4,0.9,1.3,0.3,0.2,0.0,0.2,0.6,2.5,,16.0,6-7,230.0,"October 17, 1992",us US,4,"South Carolina, Virginia",2024,WAS
0,1.0,Shai Gilgeous-Alexander,26.0,PG,76,76,34.2,11.3,21.8,0.519,2.1,5.7,0.375,9.2,16.1,0.571,0.569,7.9,8.8,0.898,0.9,4.1,5.0,6.4,1.7,1.0,2.4,2.2,32.7,,2.0,6-6,200.0,"July 12, 1998",ca CA,6,Kentucky,2024,OKC
1,2.0,Jalen Williams,23.0,SG,69,69,32.4,8.2,16.9,0.484,1.8,4.9,0.365,6.4,12.0,0.533,0.537,3.4,4.3,0.789,0.9,4.5,5.3,5.1,1.6,0.7,2.2,2.3,21.6,,8.0,6-6,220.0,"April 14, 2001",us US,2,Santa Clara,2024,OKC
2,3.0,Luguentz Dort,25.0,SF,71,71,29.2,3.6,8.4,0.435,2.4,5.8,0.412,1.2,2.5,0.489,0.578,0.5,0.6,0.717,1.3,2.9,4.1,1.6,1.1,0.5,0.7,2.9,10.1,,5.0,6-4,220.0,"April 19, 1999",ca CA,5,Arizona State,2024,OKC
3,4.0,Isaiah Hartenstein,26.0,C,57,53,27.9,4.9,8.4,0.581,0.0,0.3,0.0,4.9,8.1,0.605,0.581,1.4,2.1,0.675,2.9,7.9,10.7,3.8,0.8,1.1,1.7,3.0,11.2,,55.0,7-0,255.0,"May 5, 1998",us US,6,,2024,OKC
4,5.0,Cason Wallace,21.0,SG,68,43,27.6,3.4,7.2,0.474,1.1,3.1,0.356,2.3,4.1,0.562,0.55,0.4,0.5,0.811,1.0,2.3,3.4,2.5,1.8,0.5,0.9,2.1,8.4,,22.0,6-4,205.0,"November 7, 2003",us US,1,Kentucky,2024,OKC
5,6.0,Chet Holmgren,22.0,C,32,32,27.4,5.2,10.7,0.49,1.4,3.6,0.379,3.8,7.0,0.547,0.554,3.2,4.2,0.754,1.5,6.5,8.0,2.0,0.7,2.2,1.8,2.3,15.0,,7.0,7-1,213.0,"May 1, 2002",us US,1,Gonzaga,2024,OKC
6,7.0,Aaron Wiggins,26.0,SG,76,26,22.9,4.7,9.6,0.488,1.7,4.5,0.383,3.0,5.1,0.578,0.577,1.0,1.2,0.831,1.1,2.8,3.9,1.8,0.8,0.2,0.9,1.3,12.0,,21.0,6-6,200.0,"January 2, 1999",us US,3,Maryland,2024,OKC
7,8.0,Isaiah Joe,25.0,SG,74,16,21.7,3.5,7.9,0.44,2.6,6.3,0.412,0.9,1.6,0.549,0.604,0.6,0.8,0.821,0.6,2.1,2.6,1.6,0.6,0.1,0.5,1.5,10.2,,11.0,6-5,181.0,"July 2, 1999",us US,4,Arkansas,2024,OKC
8,9.0,Alex Caruso,30.0,SG,54,3,19.3,2.6,5.8,0.446,1.1,3.1,0.353,1.5,2.7,0.556,0.541,0.8,0.9,0.824,0.7,2.2,2.9,2.5,1.6,0.6,0.7,1.9,7.1,,9.0,6-5,186.0,"February 28, 1994",us US,7,Texas A&M,2024,OKC
9,10.0,Jaylin Williams,22.0,PF,47,9,16.7,2.1,4.7,0.439,1.3,3.3,0.399,0.8,1.4,0.529,0.577,0.5,0.6,0.767,1.0,4.6,5.6,2.6,0.5,0.6,0.7,1.7,5.9,,6.0,6-8,250.0,"June 29, 2002",us US,2,Arkansas,2024,OKC
10,11.0,Ajay Mitchell,22.0,SG,36,1,16.6,2.5,5.1,0.495,0.6,1.7,0.383,1.9,3.4,0.548,0.557,0.8,1.0,0.829,0.5,1.4,1.9,1.8,0.7,0.1,0.8,1.9,6.5,,25.0,6-5,200.0,"June 25, 2002",be BE,R,UC Santa Barbara,2024,OKC
11,12.0,Kenrich Williams,30.0,PF,69,7,16.4,2.5,5.1,0.483,1.0,2.5,0.386,1.5,2.7,0.574,0.576,0.4,0.6,0.718,0.9,2.6,3.5,1.4,0.6,0.1,0.6,1.6,6.3,,34.0,6-7,210.0,"December 2, 1994",us US,6,TCU,2024,OKC
12,13.0,Ousmane Dieng,21.0,C,37,1,10.9,1.5,3.4,0.432,0.6,1.9,0.324,0.8,1.5,0.574,0.524,0.3,0.4,0.688,0.5,1.7,2.2,0.8,0.5,0.2,0.5,0.9,3.8,,13.0,6-10,222.0,"May 21, 2003",fr FR,2,,2024,OKC
13,14.0,Dillon Jones,23.0,SF,54,3,10.2,0.9,2.5,0.383,0.3,1.2,0.254,0.6,1.3,0.5,0.444,0.3,0.5,0.607,0.6,1.7,2.2,1.1,0.3,0.1,0.5,1.0,2.5,,3.0,6-5,240.0,"October 29, 2001",us US,R,Weber State,2024,OKC
0,1.0,Fred VanVleet,30.0,PG,60,60,35.2,4.8,12.7,0.378,2.7,7.7,0.345,2.1,5.0,0.43,0.483,1.9,2.3,0.81,0.5,3.2,3.7,5.6,1.6,0.4,1.5,2.3,14.1,,5,6-0,197.0,"February 25, 1994",us US,8,Wichita State,2024,HOU
1,2.0,Jalen Green,22.0,SG,82,82,32.9,7.4,17.5,0.423,2.9,8.1,0.354,4.6,9.5,0.482,0.505,3.3,4.1,0.813,0.5,4.0,4.6,3.4,0.9,0.3,2.5,1.5,21.0,,4,6-4,178.0,"February 9, 2002",us US,3,,2024,HOU
2,3.0,Amen Thompson,22.0,SF,69,42,32.2,5.6,10.1,0.557,0.4,1.3,0.275,5.3,8.8,0.599,0.575,2.4,3.6,0.684,2.8,5.4,8.2,3.8,1.4,1.3,2.0,2.4,14.1,,1,6-7,209.0,"January 30, 2003",us US,1,,2024,HOU
3,4.0,Dillon Brooks,29.0,SF,75,75,31.8,5.1,11.9,0.429,2.5,6.3,0.397,2.6,5.7,0.465,0.533,1.3,1.6,0.818,1.0,2.7,3.7,1.7,0.8,0.2,1.0,3.2,14.0,,9,6-6,225.0,"January 22, 1996",ca CA,7,Oregon,2024,HOU
4,5.0,Alperen ÅengÃ¼n,22.0,C,76,76,31.5,7.5,15.0,0.496,0.3,1.2,0.233,7.2,13.9,0.519,0.505,3.9,5.6,0.692,3.4,6.9,10.3,4.9,1.1,0.8,2.6,2.8,19.1,,28,6-11,235.0,"July 25, 2002",tr TR,3,,2024,HOU
5,6.0,Jabari Smith Jr.,21.0,PF,57,39,30.1,4.4,9.9,0.438,1.7,4.9,0.354,2.6,5.1,0.519,0.525,1.8,2.2,0.825,1.8,5.2,7.0,1.1,0.4,0.7,1.1,2.2,12.2,,10,6-11,220.0,"May 13, 2003",us US,2,Auburn,2024,HOU
6,7.0,Tari Eason,23.0,PF,57,16,24.9,4.8,9.8,0.487,1.1,3.2,0.342,3.7,6.6,0.557,0.543,1.4,1.8,0.76,2.2,4.1,6.4,1.5,1.7,0.9,1.1,2.4,12.0,,17,6-8,216.0,"May 10, 2001",us US,2,"Cincinnati, LSU",2024,HOU
7,8.0,Cam Whitmore,20.0,SF,51,3,16.2,3.5,7.9,0.444,1.3,3.6,0.355,2.2,4.3,0.518,0.525,1.1,1.4,0.75,0.7,2.3,3.0,1.0,0.6,0.3,0.9,0.9,9.4,,7,6-7,232.0,"July 8, 2004",us US,1,Villanova,2024,HOU
8,9.0,Steven Adams,31.0,C,58,3,13.7,1.6,2.9,0.545,0.0,0.0,0.0,1.6,2.8,0.552,0.545,0.7,1.6,0.462,2.9,2.8,5.6,1.1,0.4,0.5,0.9,1.0,3.9,,12,6-11,265.0,"July 20, 1993",nz NZ,10,Pitt,2024,HOU
9,10.0,Aaron Holiday,28.0,PG,62,3,12.8,1.9,4.3,0.437,1.2,2.9,0.398,0.7,1.4,0.517,0.571,0.5,0.7,0.829,0.2,1.0,1.3,1.3,0.3,0.2,0.6,1.0,5.5,,0,6-0,185.0,"September 30, 1996",us US,6,UCLA,2024,HOU
10,12.0,Reed Sheppard,20.0,PG,52,3,12.6,1.6,4.6,0.351,0.9,2.7,0.338,0.7,1.9,0.371,0.452,0.3,0.3,0.813,0.3,1.2,1.5,1.4,0.7,0.3,0.7,1.0,4.4,,15,6-2,185.0,"June 24, 2004",us US,R,Kentucky,2024,HOU
11,13.0,Jeff Green,38.0,PF,32,3,12.4,1.9,3.8,0.504,0.9,2.5,0.367,1.0,1.3,0.762,0.624,0.7,0.8,0.808,0.3,1.5,1.8,0.6,0.2,0.1,0.3,1.0,5.4,,32,6-8,235.0,"August 28, 1986",us US,16,Georgetown,2024,HOU
12,14.0,Jock Landale,29.0,C,42,3,11.9,1.9,3.6,0.533,0.3,0.6,0.423,1.7,3.0,0.556,0.569,0.6,1.0,0.675,1.3,1.9,3.3,0.9,0.3,0.2,0.5,1.2,4.8,,2,6-11,256.0,"October 25, 1995",au AU,3,Saint Mary's,2024,HOU
13,16.0,Jae'Sean Tate,29.0,SF,52,2,11.3,1.3,2.8,0.473,0.3,0.9,0.348,1.0,2.0,0.529,0.527,0.6,0.9,0.681,1.0,1.3,2.3,0.9,0.5,0.1,0.4,1.6,3.6,,8,6-4,230.0,"October 28, 1995",us US,4,Ohio State,2024,HOU
14,17.0,Jeenathan Williams,25.0,SG,20,0,7.4,1.4,3.1,0.435,0.3,1.3,0.231,1.1,1.8,0.583,0.484,0.3,0.4,0.625,0.3,0.4,0.7,0.5,0.4,0.2,0.7,0.8,3.3,,19,6-5,205.0,"February 12, 1999",us US,2,Buffalo,2024,HOU
0,1.0,Luka DonÄiÄ,25.0,PG,28,28,35.1,8.8,20.0,0.438,3.6,9.6,0.379,5.1,10.4,0.493,0.53,7.0,8.9,0.791,0.9,7.2,8.1,7.5,1.6,0.4,3.7,2.4,28.2,,77.0,6-6,230.0,"February 28, 1999",si SI,6,,2024,LAL
1,2.0,Austin Reaves,26.0,SG,73,73,34.9,6.5,14.2,0.46,2.7,7.3,0.377,3.8,6.9,0.547,0.556,4.4,5.0,0.877,0.8,3.7,4.5,5.8,1.1,0.3,2.4,2.1,20.2,,15.0,6-5,206.0,"May 29, 1998",us US,3,"Wichita State, Oklahoma",2024,LAL
2,3.0,LeBron James,40.0,SF,70,70,34.9,9.3,18.1,0.513,2.1,5.7,0.376,7.2,12.5,0.574,0.571,3.7,4.7,0.782,1.0,6.8,7.8,8.2,1.0,0.6,3.7,1.4,24.4,,23.0,6-9,250.0,"December 30, 1984",us US,21,,2024,LAL
3,5.0,Rui Hachimura,26.0,PF,59,57,31.7,5.0,9.8,0.509,1.7,4.2,0.413,3.2,5.6,0.581,0.597,1.5,1.9,0.77,1.3,3.7,5.0,1.4,0.8,0.4,0.8,1.8,13.1,,28.0,6-8,230.0,"February 8, 1998",jp JP,5,Gonzaga,2024,LAL
4,6.0,Dorian Finney-Smith,31.0,PF,43,20,28.8,2.8,6.4,0.442,1.9,4.8,0.398,0.9,1.6,0.571,0.591,0.3,0.5,0.714,1.1,2.5,3.6,1.4,0.9,0.3,0.9,1.9,7.9,,17.0,6-7,220.0,"May 4, 1993",us US,8,Florida,2024,LAL
5,9.0,Gabe Vincent,28.0,PG,72,11,21.2,2.3,5.8,0.4,1.5,4.3,0.353,0.8,1.5,0.532,0.53,0.2,0.3,0.714,0.3,1.0,1.3,1.4,0.7,0.2,0.6,2.1,6.4,,7.0,6-3,195.0,"June 14, 1996",us US,5,UC Santa Barbara,2024,LAL
6,10.0,Jaxson Hayes,24.0,C,56,35,19.5,2.9,4.0,0.722,0.0,0.1,0.0,2.9,3.9,0.732,0.722,1.1,1.8,0.622,1.4,3.4,4.8,1.0,0.6,0.9,0.8,2.4,6.8,,11.0,7-0,220.0,"May 23, 2000",us US,5,Texas,2024,LAL
7,11.0,Dalton Knecht,23.0,SF,78,16,19.2,3.3,7.1,0.461,1.6,4.4,0.376,1.7,2.8,0.594,0.576,0.8,1.1,0.762,0.5,2.3,2.8,0.8,0.3,0.1,0.5,1.2,9.1,,4.0,6-6,215.0,"April 19, 2001",us US,R,"Northeastern Junior College, University of Northern Colorado, Tennessee",2024,LAL
8,12.0,Jordan Goodwin,26.0,PG,29,5,18.7,2.2,5.0,0.438,0.9,2.3,0.382,1.3,2.6,0.487,0.528,0.3,0.4,0.818,1.3,2.6,3.9,1.4,1.0,0.4,0.9,1.5,5.6,,30.0,6-3,200.0,"October 23, 1998",us US,3,Saint Louis,2024,LAL
9,14.0,Jarred Vanderbilt,25.0,PF,36,2,16.1,1.6,3.4,0.488,0.3,0.9,0.281,1.4,2.5,0.562,0.525,0.6,1.0,0.556,1.9,3.2,5.1,1.1,1.0,0.3,0.8,1.9,4.1,,2.0,6-8,214.0,"April 3, 1999",us US,6,Kentucky,2024,LAL
10,15.0,Markieff Morris,35.0,PF,8,2,15.5,2.0,6.0,0.333,0.9,2.9,0.304,1.1,3.1,0.36,0.406,0.6,0.8,0.833,0.4,1.5,1.9,2.1,0.1,0.3,0.4,1.8,5.5,,88.0,6-9,245.0,"September 2, 1989",us US,13,Kansas,2024,LAL
11,16.0,Alex Len,31.0,C,10,4,12.2,1.0,2.2,0.455,0.1,0.3,0.333,0.9,1.9,0.474,0.477,0.1,0.4,0.25,1.3,1.8,3.1,0.8,0.1,0.3,0.9,2.1,2.2,,27.0,7-0,250.0,"June 16, 1993",ua UA,11,Maryland,2024,LAL
12,17.0,Shake Milton,28.0,SG,30,1,11.5,1.4,3.2,0.433,0.3,1.1,0.294,1.1,2.1,0.508,0.485,0.7,0.9,0.846,0.5,1.3,1.8,1.3,0.3,0.1,0.7,0.8,3.9,,20.0,6-5,205.0,"September 26, 1996",us US,6,SMU,2024,LAL
13,22.0,Bronny James,20.0,SG,27,1,6.7,0.8,2.5,0.313,0.3,1.2,0.281,0.4,1.3,0.343,0.381,0.4,0.5,0.786,0.1,0.5,0.7,0.8,0.3,0.1,0.5,0.5,2.3,,9.0,6-2,210.0,"October 6, 2004",us US,R,USC,2024,LAL
0,1.0,Nikola JokiÄ,29.0,C,70,70,36.7,11.2,19.5,0.576,2.0,4.7,0.417,9.3,14.8,0.627,0.627,5.2,6.4,0.8,2.9,9.9,12.7,10.2,1.8,0.6,3.3,2.3,29.6,,15.0,6-11,284.0,"February 19, 1995",rs RS,9,,2024,DEN
1,2.0,Jamal Murray,27.0,PG,67,67,36.1,7.9,16.7,0.474,2.3,5.9,0.393,5.6,10.8,0.518,0.543,3.3,3.7,0.886,0.7,3.2,3.9,6.0,1.4,0.5,2.1,1.9,21.4,,27.0,6-4,215.0,"February 23, 1997",ca CA,7,Kentucky,2024,DEN
2,3.0,Christian Braun,23.0,SG,79,77,33.9,6.0,10.4,0.58,1.1,2.8,0.397,4.9,7.6,0.648,0.634,2.2,2.7,0.827,1.2,3.9,5.2,2.6,1.1,0.5,1.0,2.2,15.4,,0.0,6-6,218.0,"April 17, 2001",us US,2,Kansas,2024,DEN
3,4.0,Michael Porter Jr.,26.0,SF,77,77,33.7,6.9,13.6,0.504,2.5,6.4,0.395,4.4,7.3,0.599,0.596,1.9,2.5,0.768,1.8,5.2,7.0,2.1,0.6,0.5,1.4,2.0,18.2,,1.0,6-10,218.0,"June 29, 1998",us US,5,Missouri,2024,DEN
4,5.0,Aaron Gordon,29.0,PF,51,42,28.4,5.2,9.7,0.531,1.5,3.4,0.436,3.7,6.4,0.582,0.607,2.8,3.5,0.81,1.6,3.3,4.8,3.2,0.5,0.3,1.4,1.6,14.7,,32.0,6-8,235.0,"September 16, 1995",us US,10,Arizona,2024,DEN
5,6.0,Russell Westbrook,36.0,PG,75,36,27.9,5.0,11.1,0.449,1.3,3.9,0.323,3.7,7.2,0.517,0.505,2.1,3.1,0.661,1.4,3.6,4.9,6.1,1.4,0.5,3.2,2.5,13.3,,4.0,6-4,200.0,"November 12, 1988",us US,16,UCLA,2024,DEN
6,7.0,Peyton Watson,22.0,SF,68,18,24.4,3.0,6.3,0.477,0.7,2.0,0.353,2.3,4.3,0.534,0.533,1.4,2.0,0.693,0.7,2.7,3.4,1.4,0.7,1.4,0.8,1.8,8.1,,8.0,6-8,200.0,"September 11, 2002",us US,2,UCLA,2024,DEN
7,8.0,Julian Strawther,22.0,SG,65,4,21.3,3.2,7.5,0.432,1.4,4.1,0.349,1.8,3.3,0.535,0.529,1.1,1.4,0.822,0.3,1.9,2.2,1.3,0.6,0.2,0.9,2.3,9.0,,3.0,6-7,205.0,"April 18, 2002",us US,1,Gonzaga,2024,DEN
8,9.0,Jalen Pickett,25.0,SG,49,4,13.6,1.6,3.7,0.428,0.8,2.1,0.396,0.8,1.6,0.468,0.539,0.1,0.2,0.75,0.3,1.1,1.4,2.2,0.4,0.1,0.5,0.8,4.1,,24.0,6-4,209.0,"October 22, 1999",us US,1,"Siena College, Penn State",2024,DEN
9,10.0,Dario Å ariÄ,30.0,C,16,4,13.1,1.3,3.6,0.362,0.4,1.6,0.269,0.9,2.0,0.438,0.422,0.4,0.6,0.7,0.9,2.3,3.1,1.4,0.4,0.1,0.9,1.2,3.5,,9.0,6-10,225.0,"April 8, 1994",hr HR,7,,2024,DEN
10,11.0,DeAndre Jordan,36.0,C,56,5,12.3,1.6,2.5,0.65,0.0,0.0,,1.6,2.5,0.65,0.65,0.5,1.1,0.422,1.5,3.6,5.1,0.9,0.3,0.5,0.7,1.3,3.7,,6.0,6-11,265.0,"July 21, 1988",us US,16,Texas A&M,2024,DEN
11,12.0,Zeke Nnaji,24.0,PF,57,4,10.7,1.2,2.5,0.496,0.3,0.9,0.327,0.9,1.6,0.596,0.557,0.5,0.8,0.614,0.6,1.0,1.6,0.4,0.4,0.7,0.2,1.1,3.2,,22.0,6-9,240.0,"January 9, 2001",us US,4,Arizona,2024,DEN
12,13.0,Vlatko ÄanÄar,27.0,PF,13,0,10.5,0.8,2.0,0.385,0.3,1.2,0.267,0.5,0.8,0.545,0.462,0.0,0.0,,0.5,2.0,2.5,0.7,0.2,0.2,0.8,0.8,1.8,,31.0,6-8,236.0,"April 10, 1997",si SI,4,,2024,DEN
13,14.0,Hunter Tyson,24.0,PF,51,2,7.8,0.9,2.4,0.375,0.5,1.5,0.311,0.4,0.9,0.478,0.471,0.4,0.5,0.75,0.5,1.0,1.5,0.4,0.2,0.1,0.3,0.9,2.6,,5.0,6-8,215.0,"June 13, 2000",us US,1,Clemson,2024,DEN
0,1.0,James Harden,35.0,PG,79,79,35.3,6.7,16.4,0.41,3.0,8.5,0.352,3.7,7.9,0.472,0.501,6.4,7.3,0.874,0.7,5.1,5.8,8.7,1.5,0.7,4.3,2.1,22.8,,1.0,6-5,220.0,"August 26, 1989",us US,15,Arizona State,2024,LAC
1,2.0,Ivica Zubac,27.0,C,80,80,32.8,7.4,11.8,0.628,0.0,0.0,,7.4,11.8,0.628,0.628,2.0,3.0,0.661,3.8,8.9,12.6,2.7,0.7,1.1,1.6,2.1,16.8,,40.0,7-0,240.0,"March 18, 1997",ba BA,8,,2024,LAC
2,3.0,Norman Powell,31.0,SG,60,60,32.6,7.6,15.8,0.484,3.0,7.1,0.418,4.6,8.6,0.538,0.578,3.6,4.4,0.804,0.4,2.8,3.2,2.1,1.2,0.2,1.8,1.9,21.8,,24.0,6-3,215.0,"May 25, 1993",us US,9,UCLA,2024,LAC
3,4.0,Kawhi Leonard,33.0,SF,37,37,31.9,8.4,16.8,0.498,2.1,5.1,0.411,6.3,11.7,0.536,0.56,2.6,3.3,0.81,0.9,5.0,5.9,3.1,1.6,0.5,1.9,1.5,21.5,,2.0,6-7,225.0,"June 29, 1991",us US,12,San Diego State,2024,LAC
4,5.0,Bogdan BogdanoviÄ,32.0,SG,30,4,25.0,4.2,8.9,0.474,2.0,4.8,0.427,2.2,4.2,0.528,0.588,0.9,1.1,0.875,0.4,2.7,3.1,3.2,0.7,0.2,1.2,2.3,11.4,,10.0,6-5,220.0,"August 18, 1992",rs RS,7,,2024,LAC
5,6.0,Derrick Jones Jr.,27.0,SF,77,55,24.3,4.0,7.6,0.526,1.0,2.8,0.356,3.0,4.8,0.627,0.593,1.1,1.5,0.703,1.2,2.2,3.4,0.8,1.0,0.4,0.9,2.0,10.1,,55.0,6-5,210.0,"February 15, 1997",us US,8,UNLV,2024,LAC
6,7.0,Amir Coffey,27.0,SG,72,13,24.3,3.3,7.1,0.471,1.4,3.4,0.409,1.9,3.7,0.529,0.57,1.6,1.8,0.891,0.4,1.8,2.2,1.1,0.6,0.1,0.6,1.7,9.7,,7.0,6-7,210.0,"June 17, 1997",us US,5,Minnesota,2024,LAC
7,8.0,Kris Dunn,30.0,PG,74,58,24.1,2.6,5.9,0.439,1.0,3.0,0.335,1.6,2.9,0.549,0.525,0.2,0.3,0.682,0.7,2.7,3.4,2.8,1.7,0.4,1.0,2.7,6.4,,8.0,6-3,205.0,"March 18, 1994",us US,8,Providence,2024,LAC
8,11.0,Nicolas Batum,36.0,PF,78,8,17.5,1.3,3.1,0.437,1.1,2.6,0.433,0.2,0.4,0.457,0.622,0.2,0.3,0.81,0.6,2.2,2.8,1.1,0.7,0.5,0.4,1.4,4.0,,33.0,6-8,230.0,"December 14, 1988",fr FR,16,,2024,LAC
9,12.0,Ben Simmons,28.0,PG,18,0,16.4,1.3,2.9,0.434,0.0,0.0,,1.3,2.9,0.434,0.434,0.3,0.4,0.857,0.9,2.9,3.8,3.1,0.7,0.4,0.8,1.4,2.9,,25.0,6-10,240.0,"July 20, 1996",au AU,6,LSU,2024,LAC
10,14.0,Jordan Miller,25.0,SF,37,0,11.4,1.6,3.6,0.433,0.2,1.0,0.211,1.4,2.6,0.521,0.463,0.8,0.9,0.8,0.6,0.9,1.6,0.9,0.5,0.1,0.7,0.7,4.1,,11.0,6-7,195.0,"January 23, 2000",us US,1,"George Mason, Miami (FL)",2024,LAC
11,16.0,Drew Eubanks,27.0,C,24,0,7.4,1.1,2.0,0.551,0.0,0.0,0.0,1.1,2.0,0.563,0.551,0.5,0.6,0.786,0.8,1.6,2.4,0.4,0.1,0.3,0.4,0.7,2.7,,15.0,6-9,245.0,"February 1, 1997",us US,6,Oregon State,2024,LAC
12,18.0,Kobe Brown,25.0,PF,40,0,6.8,0.8,1.8,0.458,0.2,0.7,0.231,0.7,1.2,0.587,0.5,0.1,0.2,0.714,0.5,1.2,1.6,0.6,0.2,0.1,0.3,0.6,1.9,,21.0,6-7,250.0,"January 1, 2000",us US,1,Missouri,2024,LAC
13,20.0,Patty Mills,36.0,PG,12,0,5.1,0.8,1.7,0.5,0.8,1.5,0.5,0.1,0.2,0.5,0.725,0.7,0.8,0.889,0.1,0.0,0.1,0.4,0.1,0.0,0.1,1.0,3.1,,88.0,6-2,180.0,"August 11, 1988",au AU,15,Saint Mary's,2024,LAC
14,22.0,Cam Christie,19.0,SG,13,0,4.5,0.5,1.8,0.292,0.2,1.0,0.154,0.4,0.8,0.455,0.333,0.2,0.3,0.5,0.2,0.7,0.9,0.5,0.4,0.1,0.2,0.3,1.4,,12.0,6-5,190.0,"July 24, 2005",us US,R,Minnesota,2024,LAC
0,1.0,Anthony Edwards,23.0,SG,79,79,36.3,9.1,20.4,0.447,4.1,10.3,0.395,5.1,10.1,0.501,0.547,5.3,6.3,0.837,0.8,4.9,5.7,4.5,1.2,0.6,3.2,1.9,27.6,,5,6-4,225.0,"August 5, 2001",us US,4,Georgia,2024,MIN
1,2.0,Rudy Gobert,32.0,C,72,72,33.2,4.7,7.1,0.669,0.0,0.0,,4.7,7.1,0.669,0.669,2.6,3.8,0.674,3.7,7.2,10.9,1.8,0.8,1.4,1.2,2.5,12.0,,27,7-1,258.0,"June 26, 1992",fr FR,11,,2024,MIN
2,3.0,Julius Randle,30.0,PF,69,69,32.3,6.6,13.6,0.485,1.6,4.6,0.344,5.0,9.1,0.555,0.542,3.9,4.9,0.806,2.1,5.0,7.1,4.7,0.7,0.2,2.8,2.5,18.7,,30,6-9,250.0,"November 29, 1994",us US,10,Kentucky,2024,MIN
3,4.0,Jaden McDaniels,24.0,PF,82,82,31.9,4.9,10.2,0.477,1.2,3.7,0.33,3.6,6.5,0.561,0.537,1.3,1.6,0.813,1.6,4.2,5.7,2.0,1.3,0.9,1.2,2.7,12.2,,3,6-9,185.0,"September 29, 2000",us US,4,Washington,2024,MIN
4,5.0,Naz Reid,25.0,C,80,17,27.5,5.3,11.5,0.462,2.2,5.8,0.379,3.1,5.8,0.544,0.556,1.4,1.8,0.776,1.2,4.9,6.0,2.3,0.7,0.9,1.4,2.4,14.2,,11,6-9,264.0,"August 26, 1999",us US,5,LSU,2024,MIN
5,6.0,Donte DiVincenzo,28.0,SG,62,10,25.9,4.0,9.6,0.422,2.8,7.1,0.397,1.2,2.5,0.49,0.568,0.8,1.0,0.778,0.5,3.2,3.7,3.6,1.2,0.3,1.6,1.8,11.7,,0,6-4,203.0,"January 31, 1997",us US,6,Villanova,2024,MIN
6,7.0,Nickeil Alexander-Walker,26.0,SG,82,10,25.3,3.3,7.5,0.438,1.7,4.5,0.381,1.6,3.0,0.524,0.553,1.1,1.4,0.78,0.7,2.6,3.2,2.7,0.6,0.4,1.2,1.7,9.4,,9,6-5,205.0,"September 2, 1998",ca CA,5,Virginia Tech,2024,MIN
7,8.0,Mike Conley,37.0,PG,71,64,24.7,2.6,6.6,0.4,1.8,4.4,0.41,0.8,2.2,0.38,0.535,1.1,1.3,0.9,0.5,2.1,2.6,4.5,1.1,0.2,1.1,1.6,8.2,,10,6-0,175.0,"October 11, 1987",us US,17,Ohio State,2024,MIN
8,9.0,Jaylen Clark,23.0,SG,40,4,13.1,1.4,3.0,0.467,0.6,1.3,0.431,0.9,1.7,0.493,0.558,0.7,0.9,0.784,0.7,0.7,1.3,0.7,0.9,0.1,0.2,1.5,4.1,,22,6-5,205.0,"October 13, 2001",us US,R,UCLA,2024,MIN
9,10.0,Terrence Shannon Jr.,24.0,SG,32,1,10.6,1.7,3.6,0.482,0.3,1.0,0.355,1.4,2.6,0.53,0.531,0.5,0.7,0.81,0.3,1.2,1.5,1.0,0.2,0.2,0.5,0.8,4.3,,0,6-6,215.0,"July 30, 2000",us US,R,"Texas Tech, Illinois",2024,MIN
10,11.0,Rob Dillingham,20.0,PG,49,1,10.5,1.9,4.3,0.441,0.5,1.5,0.338,1.4,2.8,0.496,0.5,0.2,0.3,0.533,0.2,0.8,1.0,2.0,0.4,0.0,1.1,0.8,4.5,,4,6-1,176.0,"January 4, 2005",us US,R,Kentucky,2024,MIN
11,12.0,Joe Ingles,37.0,SF,19,1,6.0,0.3,1.2,0.261,0.2,0.8,0.2,0.2,0.4,0.375,0.326,0.0,0.0,,0.1,0.5,0.6,1.2,0.1,0.0,0.5,0.6,0.8,,7,6-8,220.0,"October 2, 1987",au AU,10,,2024,MIN
12,13.0,Josh Minott,22.0,SF,46,0,6.0,1.0,2.0,0.489,0.3,0.9,0.326,0.7,1.0,0.638,0.567,0.4,0.4,0.895,0.3,0.8,1.0,0.4,0.3,0.3,0.2,0.7,2.6,,8,6-8,205.0,"November 25, 2002",us US,2,Memphis,2024,MIN
13,14.0,Luka Garza,26.0,C,39,0,5.6,1.3,2.7,0.495,0.3,0.9,0.278,1.1,1.8,0.609,0.543,0.6,0.9,0.686,0.8,0.6,1.4,0.3,0.2,0.1,0.3,0.7,3.5,,55,6-10,235.0,"December 27, 1998",us US,3,Iowa,2024,MIN
14,19.0,Leonard Miller,21.0,SF,13,0,2.5,0.5,1.2,0.4,0.0,0.4,0.0,0.5,0.8,0.6,0.4,0.6,0.6,1.0,0.2,0.6,0.8,0.0,0.2,0.1,0.2,0.2,1.5,,33,6-10,210.0,"November 26, 2003",ca CA,1,,2024,MIN
0,1.0,Jimmy Butler,35.0,SF,30,30,32.7,5.3,11.1,0.476,0.6,2.3,0.279,4.7,8.9,0.526,0.504,6.7,7.7,0.87,2.3,3.2,5.5,5.9,1.7,0.3,1.5,1.0,17.9,,10.0,6-7,230.0,"September 14, 1989",us US,13,"Tyler Junior College, Marquette",2024,GSW
1,2.0,Stephen Curry,36.0,PG,70,70,32.2,8.1,18.0,0.448,4.4,11.2,0.397,3.6,6.8,0.534,0.572,4.0,4.3,0.933,0.6,3.9,4.4,6.0,1.1,0.4,2.9,1.4,24.5,,30.0,6-2,185.0,"March 14, 1988",us US,15,Davidson,2024,GSW
2,4.0,Draymond Green,34.0,PF,68,66,29.2,3.2,7.5,0.424,1.2,3.6,0.325,2.0,3.9,0.517,0.503,1.5,2.2,0.687,1.1,5.0,6.1,5.6,1.5,1.0,2.6,3.2,9.0,,23.0,6-6,230.0,"March 4, 1990",us US,12,Michigan State,2024,GSW
3,5.0,Brandin Podziemski,21.0,SG,64,33,26.8,4.4,9.8,0.445,1.8,4.8,0.372,2.6,5.0,0.516,0.537,1.1,1.5,0.758,1.0,4.1,5.1,3.4,1.1,0.2,1.2,1.5,11.7,,2.0,6-5,205.0,"February 25, 2003",us US,1,"Illinois, Santa Clara",2024,GSW
4,7.0,Jonathan Kuminga,22.0,PF,47,10,24.3,5.5,12.1,0.454,1.0,3.2,0.305,4.5,8.9,0.508,0.495,3.3,5.0,0.668,1.2,3.4,4.6,2.2,0.8,0.4,1.5,1.9,15.3,,0.0,6-8,210.0,"October 6, 2002",cd CD,3,,2024,GSW
5,8.0,Buddy Hield,32.0,SG,82,22,22.7,4.0,9.6,0.417,2.5,6.7,0.37,1.5,2.9,0.527,0.546,0.6,0.8,0.828,0.6,2.6,3.2,1.6,0.8,0.3,1.1,1.6,11.1,,7.0,6-4,220.0,"December 17, 1992",bs BS,8,Oklahoma,2024,GSW
6,9.0,Moses Moody,22.0,SG,74,34,22.3,3.3,7.7,0.433,1.7,4.6,0.374,1.6,3.1,0.519,0.544,1.4,1.8,0.797,0.7,1.9,2.6,1.3,0.8,0.4,0.7,1.6,9.8,,4.0,6-5,205.0,"May 31, 2002",us US,3,Arkansas,2024,GSW
7,12.0,Quinten Post,24.0,PF,42,14,16.3,2.9,6.5,0.449,1.7,4.3,0.408,1.2,2.3,0.526,0.582,0.5,0.6,0.778,0.8,2.7,3.5,1.3,0.4,0.4,0.8,2.0,8.1,,21.0,7-0,238.0,"March 21, 2000",nl NL,R,"Mississippi State, Boston College",2024,GSW
8,13.0,Trayce Jackson-Davis,24.0,C,62,37,15.6,2.8,4.9,0.576,0.0,0.0,0.0,2.8,4.8,0.582,0.576,1.0,1.6,0.578,2.0,3.0,5.0,1.7,0.4,0.6,0.7,1.2,6.6,,32.0,6-9,245.0,"February 22, 2000",us US,1,Indiana,2024,GSW
9,14.0,Kevon Looney,28.0,C,76,6,15.0,1.9,3.7,0.514,0.0,0.1,0.4,1.9,3.6,0.516,0.518,0.7,1.3,0.566,2.4,3.6,6.1,1.6,0.6,0.5,0.5,2.0,4.5,,5.0,6-9,222.0,"February 6, 1996",us US,9,UCLA,2024,GSW
10,15.0,Gary Payton II,32.0,SG,62,11,15.0,2.8,4.8,0.574,0.5,1.5,0.326,2.3,3.3,0.69,0.626,0.4,0.6,0.711,0.9,2.1,3.0,1.3,0.8,0.3,0.6,1.7,6.5,,0.0,6-2,190.0,"December 1, 1992",us US,8,Oregon State,2024,GSW
11,17.0,Gui Santos,22.0,PF,56,2,13.6,1.5,3.2,0.458,0.6,1.8,0.33,0.9,1.4,0.632,0.553,0.5,0.8,0.69,1.3,1.8,3.1,1.4,0.4,0.2,0.8,1.6,4.1,,15.0,6-8,209.0,"June 22, 2002",br BR,1,,2024,GSW
12,20.0,Pat Spencer,28.0,PG,39,0,6.4,1.1,2.6,0.406,0.1,0.6,0.227,0.9,2.0,0.456,0.431,0.3,0.4,0.733,0.4,0.8,1.2,1.2,0.4,0.1,0.5,0.5,2.5,,61.0,6-3,205.0,"July 4, 1996",us US,1,"Loyola (MD), Northwestern",2024,GSW
13,21.0,Kevin Knox,25.0,SF,14,0,6.0,1.3,2.6,0.5,0.3,1.1,0.267,1.0,1.5,0.667,0.556,0.4,0.6,0.75,0.5,0.7,1.2,0.4,0.1,0.3,0.3,0.4,3.3,,31.0,6-7,215.0,"August 11, 1999",us US,6,Kentucky,2024,GSW
14,22.0,Braxton Key,27.0,SF,3,0,3.7,0.0,1.3,0.0,0.0,0.3,0.0,0.0,1.0,0.0,0.0,1.0,2.0,0.5,0.3,0.3,0.7,0.0,0.7,0.0,0.3,0.0,1.0,,12.0,6-8,230.0,"February 14, 1997",us US,3,"Alabama, Virginia",2024,GSW
0,1.0,Desmond Bane,26.0,SG,69,68,32.0,7.1,14.8,0.484,2.4,6.1,0.392,4.8,8.7,0.548,0.565,2.6,2.9,0.894,0.9,5.2,6.1,5.3,1.2,0.4,2.4,2.4,19.2,,22,6-5,215.0,"June 25, 1998",us US,4,TCU,2024,MEM
1,2.0,Ja Morant,25.0,PG,50,50,30.4,8.1,17.8,0.454,1.8,5.7,0.309,6.3,12.1,0.523,0.504,5.3,6.4,0.824,0.7,3.4,4.1,7.3,1.2,0.2,3.7,2.3,23.2,,12,6-2,174.0,"August 10, 1999",us US,5,Murray State,2024,MEM
2,3.0,Jaren Jackson Jr.,25.0,C,74,74,29.8,8.0,16.4,0.488,2.0,5.3,0.375,6.0,11.1,0.541,0.548,4.2,5.4,0.781,1.2,4.4,5.6,2.0,1.2,1.5,2.1,3.5,22.2,,13,6-10,242.0,"September 15, 1999",us US,6,Michigan State,2024,MEM
3,4.0,Jaylen Wells,21.0,SG,79,74,25.9,3.6,8.6,0.425,1.7,5.0,0.352,1.9,3.6,0.525,0.527,1.4,1.7,0.822,1.1,2.3,3.4,1.7,0.6,0.1,0.9,1.8,10.4,,0,6-7,206.0,"August 26, 2003",us US,R,"Sonoma State University, Washington State",2024,MEM
4,5.0,Santi Aldama,24.0,PF,65,16,25.5,4.8,10.0,0.483,1.8,5.0,0.368,3.0,5.0,0.599,0.576,1.0,1.4,0.691,1.4,5.0,6.4,2.9,0.8,0.4,1.1,1.2,12.5,,7,6-11,224.0,"January 10, 2001",es ES,3,Loyola (MD),2024,MEM
5,6.0,Luke Kennard,28.0,SG,65,11,22.6,3.2,6.6,0.478,1.7,4.0,0.433,1.4,2.6,0.547,0.609,0.8,0.9,0.895,0.6,2.2,2.8,3.3,0.8,0.1,1.1,0.9,8.9,,10,6-5,206.0,"June 24, 1996",us US,7,Duke,2024,MEM
6,7.0,Zach Edey,22.0,C,66,55,21.5,3.8,6.6,0.58,0.3,0.8,0.346,3.5,5.8,0.612,0.6,1.4,1.9,0.709,3.5,4.8,8.3,1.0,0.5,1.3,1.3,2.8,9.2,,14,7-4,305.0,"May 14, 2002",ca CA,R,Purdue,2024,MEM
7,8.0,Scotty Pippen Jr.,24.0,PG,79,21,21.3,3.6,7.5,0.48,1.1,2.8,0.397,2.5,4.7,0.528,0.553,1.5,2.2,0.713,0.8,2.5,3.3,4.4,1.3,0.4,1.7,2.6,9.9,,1,6-1,185.0,"November 10, 2000",us US,2,Vanderbilt,2024,MEM
8,11.0,Brandon Clarke,28.0,PF,64,18,18.9,3.7,5.9,0.621,0.0,0.3,0.059,3.7,5.7,0.647,0.622,1.0,1.4,0.701,2.0,3.1,5.1,1.0,0.8,0.6,0.6,2.3,8.3,,15,6-8,215.0,"September 19, 1996",ca CA,5,"San Jose State, Gonzaga",2024,MEM
9,12.0,Vince Williams Jr.,24.0,SG,27,5,18.5,2.5,6.2,0.401,1.0,3.5,0.274,1.5,2.7,0.569,0.479,0.7,0.9,0.792,0.8,2.8,3.6,2.0,0.4,0.3,1.2,1.7,6.6,,5,6-4,205.0,"August 30, 2000",us US,2,VCU,2024,MEM
10,13.0,GG Jackson II,20.0,PF,29,3,15.8,2.6,6.9,0.372,1.1,3.3,0.337,1.4,3.6,0.404,0.452,1.0,1.4,0.725,0.9,2.2,3.2,1.0,0.4,0.2,1.1,1.0,7.2,,45,6-9,215.0,"December 17, 2004",us US,1,South Carolina,2024,MEM
11,14.0,John Konchar,28.0,SG,46,4,12.1,0.9,2.0,0.451,0.5,1.3,0.371,0.4,0.6,0.621,0.577,0.2,0.2,0.875,0.8,2.5,3.3,0.9,0.7,0.3,0.3,0.7,2.4,,46,6-5,210.0,"March 22, 1996",us US,5,Purdue-Fort Wayne,2024,MEM
12,15.0,Jay Huff,26.0,C,64,2,11.7,2.5,4.8,0.515,1.3,3.1,0.405,1.2,1.6,0.724,0.648,0.7,0.9,0.786,0.5,1.5,2.0,0.6,0.3,0.9,0.5,1.2,6.9,,30,7-1,240.0,"August 25, 1998",us US,3,Virginia,2024,MEM
13,17.0,Lamar Stevens,27.0,PF,17,1,9.1,1.7,3.7,0.46,0.5,1.6,0.296,1.2,2.1,0.583,0.524,0.5,0.6,0.727,0.2,2.0,2.2,0.5,0.3,0.2,0.6,0.9,4.4,,8,6-6,230.0,"July 9, 1997",us US,4,Penn State,2024,MEM
14,18.0,Marvin Bagley III,25.0,PF,12,1,8.3,1.4,2.9,0.486,0.1,0.8,0.111,1.3,2.2,0.615,0.5,0.7,1.0,0.667,0.9,1.4,2.3,0.3,0.2,0.3,0.1,0.5,3.6,,35,6-10,235.0,"March 14, 1999",us US,6,Duke,2024,MEM
0,2.0,Zach LaVine,29.0,SG,32,32,36.6,8.2,16.0,0.511,3.2,7.2,0.446,5.0,8.8,0.564,0.611,2.8,3.2,0.874,0.3,3.2,3.5,3.8,0.6,0.1,2.7,1.8,22.4,,8,6-5,200.0,"March 10, 1995",us US,10,UCLA,2024,SAC
1,3.0,DeMar DeRozan,35.0,SF,77,77,35.9,8.1,17.0,0.477,1.1,3.3,0.328,7.0,13.7,0.513,0.509,4.9,5.7,0.857,0.6,3.2,3.9,4.4,0.8,0.4,1.4,1.9,22.2,,10,6-6,220.0,"August 7, 1989",us US,15,USC,2024,SAC
2,4.0,Domantas Sabonis,28.0,C,70,70,34.7,7.5,12.8,0.59,0.9,2.2,0.417,6.6,10.5,0.627,0.627,3.1,4.1,0.754,3.8,10.1,13.9,6.0,0.7,0.4,2.9,3.3,19.1,,11,6-10,240.0,"May 3, 1996",us US,8,Gonzaga,2024,SAC
3,5.0,Keegan Murray,24.0,PF,76,76,34.3,4.8,10.8,0.444,2.0,5.9,0.343,2.8,4.9,0.566,0.538,0.8,0.9,0.833,1.9,4.8,6.7,1.4,0.8,0.9,0.8,2.4,12.4,,13,6-8,215.0,"August 19, 2000",us US,2,Iowa,2024,SAC
4,6.0,Malik Monk,26.0,SG,65,45,31.6,6.3,14.4,0.439,2.1,6.6,0.325,4.2,7.9,0.534,0.513,2.4,2.7,0.865,0.5,3.3,3.8,5.6,0.9,0.6,2.4,2.4,17.2,,0,6-3,200.0,"February 4, 1998",us US,7,Kentucky,2024,SAC
5,7.0,Keon Ellis,25.0,SG,80,28,24.4,2.8,5.8,0.489,1.7,4.0,0.433,1.1,1.8,0.615,0.639,0.9,1.1,0.849,0.8,1.9,2.7,1.5,1.5,0.8,0.9,2.2,8.3,,23,6-6,175.0,"January 8, 2000",us US,2,"Florida SouthWestern State College, Alabama",2024,SAC
6,9.0,Trey Lyles,29.0,PF,69,5,19.6,2.3,5.4,0.42,1.2,3.4,0.34,1.1,2.0,0.559,0.528,0.8,1.2,0.7,1.2,3.4,4.6,1.2,0.6,0.3,0.6,1.2,6.5,,41,6-9,234.0,"November 5, 1995",ca CA,9,Kentucky,2024,SAC
7,10.0,Jake LaRavia,23.0,PF,19,0,19.3,2.2,5.1,0.438,1.1,2.7,0.385,1.2,2.3,0.5,0.542,0.6,1.0,0.579,1.2,1.6,2.8,1.3,0.9,0.2,0.9,2.1,6.1,,33,6-8,235.0,"November 3, 2001",us US,2,"Indiana State University, Wake Forest",2024,SAC
8,11.0,Jonas ValanÄiÅ«nas,32.0,C,32,9,16.9,3.6,6.4,0.556,0.0,0.3,0.1,3.5,6.1,0.579,0.559,1.6,1.8,0.847,2.2,4.8,7.0,1.8,0.5,0.6,1.0,2.6,8.7,,17,6-11,265.0,"May 6, 1992",lt LT,12,,2024,SAC
9,12.0,Jae Crowder,34.0,PF,9,2,11.4,0.8,2.4,0.318,0.4,1.7,0.267,0.3,0.8,0.429,0.409,0.6,0.7,0.833,0.7,1.6,2.2,0.7,0.3,0.0,0.4,1.1,2.6,,99,6-6,235.0,"July 6, 1990",us US,12,Marquette,2024,SAC
10,13.0,Devin Carter,22.0,PG,36,0,11.0,1.3,3.5,0.37,0.5,1.7,0.295,0.8,1.8,0.439,0.441,0.7,1.2,0.591,0.5,1.6,2.1,1.1,0.6,0.1,0.5,1.1,3.8,,22,6-2,195.0,"March 18, 2002",us US,R,"South Carolina, Providence",2024,SAC
11,14.0,Markelle Fultz,26.0,PG,21,0,8.8,1.3,3.2,0.418,0.2,0.4,0.5,1.1,2.8,0.407,0.448,0.0,0.0,1.0,0.3,0.7,1.0,1.3,0.5,0.1,0.7,0.6,2.9,,20,6-4,209.0,"May 29, 1998",us US,7,Washington,2024,SAC
12,15.0,Doug McDermott,33.0,SF,42,3,8.1,1.2,2.8,0.427,1.0,2.4,0.436,0.1,0.4,0.375,0.615,0.1,0.1,0.6,0.1,0.5,0.5,0.2,0.1,0.0,0.1,0.7,3.5,,7,6-6,225.0,"January 3, 1992",us US,10,Creighton,2024,SAC
13,16.0,Terence Davis,27.0,SG,1,0,8.0,0.0,2.0,0.0,0.0,1.0,0.0,0.0,1.0,0.0,0.0,0.0,0.0,,0.0,1.0,1.0,1.0,0.0,0.0,0.0,0.0,0.0,,9,6-4,201.0,"May 16, 1997",us US,4,Ole Miss,2024,SAC
14,17.0,Isaac Jones,24.0,PF,40,0,7.6,1.4,2.1,0.651,0.1,0.2,0.375,1.3,1.9,0.68,0.669,0.6,0.9,0.639,0.6,0.9,1.4,0.3,0.1,0.3,0.4,0.8,3.4,,"3, 17",6-8,245.0,"July 11, 2000",us US,R,"Wenatchee Valley College, Idaho, Washington State",2024,SAC
0,1.0,Kyrie Irving,32.0,SG,50,50,36.1,8.9,18.9,0.473,2.9,7.2,0.401,6.1,11.7,0.517,0.549,3.9,4.3,0.916,1.2,3.6,4.8,4.6,1.3,0.5,2.2,2.0,24.7,,11,6-2,195.0,"March 23, 1992",au AU,13,Duke,2024,DAL
1,3.0,P.J. Washington,26.0,PF,57,56,32.2,5.3,11.7,0.453,1.6,4.2,0.381,3.7,7.5,0.493,0.521,2.5,3.5,0.722,1.4,6.3,7.8,2.3,1.1,1.1,2.1,2.3,14.7,,25,6-7,230.0,"August 23, 1998",us US,5,Kentucky,2024,DAL
2,4.0,Max Christie,21.0,SG,32,11,30.4,3.9,9.4,0.411,1.7,4.7,0.364,2.2,4.7,0.457,0.502,1.8,2.0,0.862,0.4,3.8,4.2,2.5,0.9,0.3,1.5,1.3,11.2,,0,6-6,190.0,"February 10, 2003",us US,2,Michigan State,2024,DAL
3,5.0,Anthony Davis,31.0,PF,9,9,29.6,7.8,16.9,0.461,0.8,3.3,0.233,7.0,13.6,0.516,0.484,3.7,5.3,0.688,1.7,8.4,10.1,4.4,0.6,2.2,2.2,1.8,20.0,,3,6-10,253.0,"March 11, 1993",us US,12,Kentucky,2024,DAL
4,6.0,Naji Marshall,27.0,SF,69,31,27.8,5.2,10.3,0.508,0.9,3.2,0.275,4.4,7.2,0.611,0.551,1.9,2.3,0.813,1.1,3.7,4.8,3.0,1.0,0.2,1.6,1.6,13.2,,13,6-7,220.0,"January 24, 1998",us US,4,Xavier,2024,DAL
5,7.0,Klay Thompson,34.0,SF,72,72,27.3,5.0,12.2,0.412,3.0,7.7,0.391,2.0,4.5,0.448,0.535,0.9,1.0,0.905,0.6,2.8,3.4,2.0,0.7,0.4,1.2,1.1,14.0,,31,6-5,215.0,"February 8, 1990",us US,11,Washington State,2024,DAL
6,8.0,Spencer Dinwiddie,31.0,PG,79,30,27.0,3.6,8.6,0.416,1.4,4.1,0.334,2.2,4.5,0.492,0.496,2.5,3.1,0.802,0.2,2.4,2.6,4.4,0.9,0.2,1.3,1.5,11.0,,26,6-5,215.0,"April 6, 1993",us US,10,Colorado,2024,DAL
7,9.0,Dereck Lively II,20.0,C,36,29,23.1,3.7,5.3,0.702,0.0,0.0,,3.7,5.3,0.702,0.702,1.3,2.0,0.63,2.9,4.6,7.5,2.4,0.6,1.6,1.1,2.8,8.7,,2,7-1,230.0,"February 12, 2004",us US,1,Duke,2024,DAL
8,12.0,Daniel Gafford,26.0,C,57,31,21.5,5.0,7.1,0.702,0.0,0.0,,5.0,7.1,0.702,0.702,2.4,3.4,0.689,2.7,4.1,6.8,1.4,0.4,1.8,1.2,2.7,12.3,,21,6-10,234.0,"October 1, 1998",us US,5,Arkansas,2024,DAL
9,13.0,Caleb Martin,29.0,SF,14,0,19.6,2.0,5.1,0.389,0.3,1.1,0.25,1.7,4.0,0.429,0.417,1.1,1.7,0.625,0.7,2.2,2.9,1.9,0.9,0.2,0.9,1.7,5.4,,16,6-5,205.0,"September 28, 1995",us US,5,"NC State, Nevada",2024,DAL
10,15.0,Dante Exum,29.0,PG,20,13,18.6,3.2,6.7,0.478,1.2,2.7,0.434,2.1,4.1,0.506,0.563,1.2,1.6,0.742,0.2,1.5,1.7,2.8,0.6,0.2,1.1,1.7,8.7,,0,6-5,214.0,"July 13, 1995",au AU,7,,2024,DAL
11,17.0,Jaden Hardy,22.0,SG,57,3,15.9,3.2,7.3,0.435,1.3,3.5,0.386,1.8,3.8,0.479,0.527,1.1,1.5,0.698,0.2,1.4,1.6,1.4,0.5,0.1,1.4,1.6,8.7,,1,6-4,198.0,"July 5, 2002",us US,2,,2024,DAL
12,19.0,Brandon Williams,25.0,PG,33,3,14.8,3.0,5.7,0.521,0.7,1.8,0.4,2.2,3.9,0.578,0.585,1.7,2.0,0.833,0.4,1.4,1.8,2.3,0.7,0.2,1.2,1.0,8.3,,10,6-1,190.0,"November 22, 1999",us US,2,Arizona,2024,DAL
13,20.0,Olivier-Maxence Prosper,22.0,PF,52,4,11.2,1.3,3.3,0.402,0.2,1.0,0.235,1.1,2.4,0.472,0.437,0.9,1.5,0.645,0.8,1.6,2.4,0.8,0.5,0.1,0.3,0.5,3.9,,8,6-8,230.0,"July 3, 2002",ca CA,1,"Clemson, Marquette",2024,DAL
14,21.0,Dwight Powell,33.0,C,55,3,10.0,0.8,1.1,0.689,0.0,0.1,0.4,0.7,1.0,0.714,0.705,0.5,0.8,0.651,0.9,1.3,2.1,1.0,0.3,0.4,0.3,1.4,2.1,,7,6-10,240.0,"July 20, 1991",ca CA,10,Stanford,2024,DAL
0,1.0,Devin Booker,28.0,SG,75,75,37.3,8.7,18.9,0.461,2.4,7.3,0.332,6.3,11.6,0.542,0.525,5.8,6.4,0.894,1.0,3.1,4.1,7.1,0.9,0.2,2.9,2.6,25.6,,1,6-6,206.0,"October 30, 1996",us US,9,Kentucky,2024,PHO
1,2.0,Kevin Durant,36.0,PF,62,62,36.5,9.5,18.1,0.527,2.6,6.0,0.43,7.0,12.1,0.574,0.598,4.9,5.8,0.839,0.4,5.7,6.0,4.2,0.8,1.2,3.1,1.7,26.6,,35,6-11,240.0,"September 29, 1988",us US,16,Texas,2024,PHO
2,3.0,Bradley Beal,31.0,SG,53,38,32.1,6.5,13.1,0.497,1.9,5.0,0.386,4.6,8.1,0.565,0.571,2.1,2.6,0.803,0.6,2.7,3.3,3.7,1.1,0.5,1.9,2.6,17.0,,3,6-4,207.0,"June 28, 1993",us US,12,Florida,2024,PHO
3,4.0,Tyus Jones,28.0,PG,81,58,26.8,3.8,8.4,0.448,2.0,5.0,0.414,1.7,3.5,0.496,0.57,0.6,0.7,0.895,0.5,1.9,2.4,5.3,0.9,0.1,1.1,0.8,10.2,,21,6-1,196.0,"May 10, 1996",us US,9,Duke,2024,PHO
4,5.0,Royce O'Neale,31.0,SF,75,22,24.5,3.2,7.6,0.423,2.4,5.9,0.406,0.8,1.7,0.481,0.58,0.3,0.3,0.731,0.7,3.9,4.7,2.2,0.9,0.5,0.9,2.0,9.1,,0,6-4,226.0,"June 5, 1993",us US,7,"Denver, Baylor",2024,PHO
5,6.0,Grayson Allen,29.0,SG,64,7,24.1,3.4,7.6,0.448,2.3,5.5,0.426,1.1,2.2,0.504,0.6,1.5,1.8,0.816,0.5,2.5,3.0,2.1,0.8,0.3,1.2,1.5,10.6,,8,6-4,198.0,"October 8, 1995",us US,6,Duke,2024,PHO
6,8.0,Nick Richards,27.0,C,36,34,22.7,3.9,6.5,0.605,0.0,0.0,0.0,3.9,6.4,0.608,0.605,1.7,2.0,0.822,2.7,5.9,8.6,0.6,0.2,0.8,1.3,2.6,9.5,,2,7-0,245.0,"November 29, 1997",jm JM,4,Kentucky,2024,PHO
7,9.0,Ryan Dunn,22.0,SF,74,44,19.1,2.8,6.4,0.43,1.1,3.6,0.311,1.7,2.9,0.577,0.516,0.3,0.5,0.487,1.2,2.4,3.6,0.8,0.6,0.5,0.5,2.2,6.9,,0,6-6,216.0,"January 7, 2003",us US,R,Virginia,2024,PHO
8,10.0,Mason Plumlee,34.0,C,74,21,17.6,1.7,2.7,0.619,0.0,0.1,0.0,1.7,2.7,0.631,0.619,1.1,1.7,0.648,1.6,4.6,6.1,1.8,0.4,0.6,0.8,2.1,4.5,,22,6-10,254.0,"March 5, 1990",us US,11,Duke,2024,PHO
9,11.0,Oso Ighodaro,22.0,PF,61,6,17.1,1.9,3.1,0.604,0.0,0.0,0.0,1.9,3.0,0.611,0.604,0.5,0.8,0.58,1.1,2.6,3.6,1.2,0.5,0.5,0.6,1.7,4.2,,4,6-10,235.0,"July 14, 2002",us US,R,Marquette,2024,PHO
10,12.0,Cody Martin,29.0,SF,14,0,14.7,1.4,4.1,0.351,0.2,1.9,0.111,1.2,2.1,0.567,0.377,0.6,0.9,0.75,0.9,2.5,3.4,1.1,0.9,0.4,0.6,1.6,3.7,,17,6-5,205.0,"September 28, 1995",us US,5,"NC State, Nevada",2024,PHO
11,15.0,Monte Morris,29.0,PG,45,0,12.7,1.8,4.3,0.426,0.7,1.9,0.36,1.2,2.4,0.477,0.505,0.8,0.9,0.857,0.3,1.2,1.5,1.6,0.4,0.1,0.5,0.5,5.2,,23,6-2,183.0,"June 27, 1995",us US,7,Iowa State,2024,PHO
12,16.0,Bol Bol,25.0,PF,36,10,12.4,2.7,5.1,0.525,0.9,2.6,0.344,1.8,2.5,0.711,0.612,0.6,0.7,0.769,0.6,2.3,2.9,0.6,0.3,0.7,0.6,0.6,6.8,,11,7-3,220.0,"November 16, 1999",sd SD,5,Oregon,2024,PHO
13,18.0,Damion Lee,32.0,SG,25,0,5.8,1.1,3.0,0.365,0.4,1.5,0.243,0.7,1.5,0.486,0.426,0.8,0.8,0.952,0.1,0.7,0.8,0.4,0.2,0.0,0.4,0.2,3.3,,10,6-5,210.0,"October 21, 1992",us US,6,"Drexel, Louisville",2024,PHO
14,19.0,Vasilije MiciÄ,31.0,PG,5,0,4.2,0.0,0.0,,0.0,0.0,,0.0,0.0,,,0.0,0.0,,0.0,0.4,0.4,0.2,0.0,0.0,0.6,0.2,0.0,,18,6-5,200.0,"January 13, 1994",rs RS,1,,2024,PHO
0,1.0,Toumani Camara,24.0,PF,78,78,32.7,4.2,9.2,0.458,1.7,4.6,0.375,2.5,4.6,0.542,0.552,1.2,1.6,0.722,2.2,3.6,5.8,2.2,1.5,0.6,1.4,2.9,11.3,,33,6-8,220.0,"May 8, 2000",be BE,1,Dayton,2024,POR
1,2.0,Anfernee Simons,25.0,SG,70,70,32.7,6.8,16.1,0.426,3.1,8.5,0.363,3.8,7.6,0.496,0.521,2.5,2.8,0.902,0.4,2.3,2.7,4.8,0.9,0.1,2.0,1.7,19.3,,1,6-3,181.0,"June 8, 1999",us US,6,,2024,POR
2,3.0,Jerami Grant,30.0,PF,47,47,32.4,4.6,12.2,0.373,2.3,6.3,0.365,2.3,5.9,0.381,0.467,3.0,3.5,0.849,0.6,2.9,3.5,2.1,0.9,1.0,1.4,2.3,14.4,,9,6-7,210.0,"March 12, 1994",us US,10,Syracuse,2024,POR
3,4.0,Shaedon Sharpe,21.0,SG,72,52,31.3,6.9,15.3,0.452,2.0,6.6,0.311,4.9,8.8,0.557,0.519,2.6,3.4,0.785,0.9,3.6,4.5,2.8,0.9,0.2,2.1,1.7,18.5,,17,6-6,200.0,"May 30, 2003",ca CA,2,Kentucky,2024,POR
4,5.0,Deandre Ayton,26.0,C,40,40,30.2,6.6,11.7,0.566,0.2,0.8,0.188,6.5,10.9,0.594,0.573,1.0,1.5,0.667,3.1,7.1,10.2,1.6,0.8,1.0,1.7,2.2,14.4,,2,7-0,250.0,"July 23, 1998",bs BS,6,Arizona,2024,POR
5,6.0,Deni Avdija,24.0,SF,72,54,30.0,5.6,11.7,0.476,1.7,4.8,0.365,3.8,7.0,0.552,0.55,4.0,5.2,0.78,1.5,5.7,7.3,3.9,1.0,0.5,2.7,2.4,16.9,,8,6-9,210.0,"January 3, 2001",il IL,4,,2024,POR
6,7.0,Scoot Henderson,20.0,PG,66,10,26.7,4.3,10.4,0.419,1.6,4.5,0.354,2.8,5.9,0.469,0.496,2.4,3.1,0.767,0.8,2.2,3.0,5.1,1.0,0.2,2.7,2.7,12.7,,0,6-3,202.0,"February 3, 2004",us US,1,,2024,POR
7,8.0,Matisse Thybulle,27.0,SG,15,5,20.8,2.8,5.9,0.477,1.4,3.2,0.438,1.4,2.7,0.525,0.597,0.5,1.0,0.467,0.9,2.5,3.5,1.9,2.2,0.6,0.9,0.9,7.5,,4,6-5,201.0,"March 4, 1997",us US,5,Washington,2024,POR
8,9.0,Donovan Clingan,20.0,C,67,37,19.8,2.7,5.0,0.539,0.2,0.7,0.286,2.5,4.3,0.582,0.56,0.9,1.6,0.596,3.2,4.6,7.9,1.1,0.5,1.6,1.1,2.8,6.5,,23,7-2,280.0,"February 23, 2004",us US,R,UConn,2024,POR
9,10.0,Robert Williams,27.0,C,20,3,17.6,2.5,3.9,0.641,0.1,0.2,0.333,2.5,3.8,0.653,0.647,0.8,0.9,0.882,1.8,4.2,5.9,1.1,0.7,1.7,0.9,1.6,5.8,,35,6-9,237.0,"October 17, 1997",us US,6,Texas A&M,2024,POR
10,11.0,Dalano Banton,25.0,PG,67,7,16.7,3.0,7.6,0.391,1.1,3.3,0.324,1.9,4.3,0.442,0.462,1.4,1.9,0.728,0.4,1.6,2.0,2.4,0.6,0.5,1.3,0.9,8.3,,5,6-9,204.0,"November 7, 1999",ca CA,3,Nebraska,2024,POR
11,12.0,Kris Murray,24.0,SF,69,6,15.1,1.7,4.0,0.419,0.4,1.7,0.225,1.3,2.3,0.566,0.468,0.4,0.8,0.456,1.1,1.5,2.6,1.0,0.5,0.2,0.6,1.0,4.2,,24,6-8,220.0,"August 19, 2000",us US,1,Iowa,2024,POR
12,13.0,Jabari Walker,22.0,SF,60,1,12.5,2.0,3.8,0.515,0.5,1.2,0.389,1.5,2.6,0.573,0.576,0.8,1.2,0.69,1.0,2.5,3.5,0.6,0.6,0.1,0.6,1.5,5.2,,34,6-9,215.0,"July 30, 2002",us US,2,Colorado,2024,POR
13,15.0,Duop Reath,28.0,C,46,0,10.2,1.5,3.6,0.422,0.7,2.3,0.321,0.8,1.3,0.6,0.524,0.4,0.5,0.909,1.0,1.0,2.0,0.6,0.3,0.3,0.3,0.9,4.2,,26,6-11,245.0,"June 26, 1996",ss SS,1,"Lee College, LSU",2024,POR
14,17.0,Rayan Rupert,20.0,SG,52,0,8.8,1.1,2.7,0.408,0.3,1.1,0.271,0.8,1.6,0.506,0.465,0.4,0.6,0.767,0.5,0.8,1.3,0.5,0.3,0.1,0.6,0.7,3.0,,21,6-6,205.0,"May 31, 2004",fr FR,1,,2024,POR
0,1.0,De'Aaron Fox,27.0,PG,17,17,34.0,7.4,16.5,0.446,1.5,5.6,0.274,5.8,10.9,0.535,0.493,3.5,4.2,0.819,0.5,3.8,4.3,6.8,1.5,0.3,2.4,2.7,19.7,,4,6-3,185.0,"December 20, 1997",us US,7,Kentucky,2024,SAS
1,2.0,Victor Wembanyama,21.0,C,46,46,33.2,8.9,18.6,0.476,3.1,8.8,0.352,5.8,9.9,0.586,0.559,3.4,4.1,0.836,1.8,9.2,11.0,3.7,1.1,3.8,3.2,2.3,24.3,,1,7-3,235.0,"January 4, 2004",fr FR,1,,2024,SAS
2,3.0,Devin Vassell,24.0,SG,64,53,31.0,6.2,13.9,0.443,2.5,6.7,0.368,3.7,7.2,0.513,0.532,1.5,1.9,0.792,0.5,3.5,4.0,2.9,1.3,0.5,1.4,1.7,16.3,,24,6-5,200.0,"August 23, 2000",us US,4,Florida State,2024,SAS
3,4.0,Chris Paul,39.0,PG,82,82,28.0,3.0,7.1,0.427,1.7,4.5,0.377,1.3,2.6,0.514,0.547,1.0,1.1,0.924,0.4,3.2,3.6,7.4,1.3,0.3,1.6,1.8,8.8,,3,6-0,175.0,"May 6, 1985",us US,19,Wake Forest,2024,SAS
4,5.0,Harrison Barnes,32.0,PF,82,82,27.2,4.2,8.3,0.508,1.9,4.4,0.433,2.3,3.9,0.591,0.622,2.0,2.4,0.809,1.2,2.6,3.8,1.7,0.5,0.2,0.6,0.9,12.3,,40,6-8,225.0,"May 30, 1992",us US,12,UNC,2024,SAS
5,6.0,Stephon Castle,20.0,PG,81,47,26.7,5.2,12.2,0.428,1.2,4.1,0.285,4.0,8.1,0.501,0.476,3.1,4.2,0.724,1.1,2.6,3.7,4.1,0.9,0.3,2.2,2.0,14.7,,5,6-6,215.0,"November 1, 2004",us US,R,UConn,2024,SAS
6,7.0,Jeremy Sochan,21.0,PF,54,23,25.3,4.6,8.7,0.535,0.5,1.7,0.308,4.1,7.0,0.59,0.565,1.6,2.3,0.696,2.4,4.2,6.5,2.4,0.8,0.5,1.6,2.4,11.4,,10,6-8,230.0,"May 20, 2003",us US,2,Baylor,2024,SAS
7,8.0,Keldon Johnson,25.0,SF,77,0,23.9,4.8,10.0,0.482,1.1,3.6,0.318,3.7,6.4,0.573,0.538,1.9,2.5,0.773,1.5,3.4,4.8,1.6,0.6,0.3,1.0,1.5,12.7,,0,6-5,220.0,"October 11, 1999",us US,5,Kentucky,2024,SAS
8,9.0,Julian Champagnie,23.0,SF,82,29,23.6,3.4,8.1,0.415,2.2,5.9,0.371,1.2,2.3,0.53,0.549,1.0,1.1,0.904,0.8,3.1,3.9,1.4,0.7,0.4,0.9,1.4,9.9,,30,6-8,220.0,"June 29, 2001",us US,2,St. John's,2024,SAS
9,10.0,Bismack Biyombo,32.0,C,28,26,18.9,2.4,4.1,0.588,0.0,0.0,,2.4,4.1,0.588,0.588,0.4,0.9,0.4,1.5,4.1,5.6,1.1,0.6,0.8,1.0,1.9,5.1,,18,6-8,255.0,"August 28, 1992",cd CD,13,,2024,SAS
10,12.0,Blake Wesley,21.0,SG,58,0,11.8,1.4,3.2,0.435,0.3,1.0,0.293,1.1,2.2,0.5,0.481,0.7,1.1,0.623,0.3,0.8,1.1,2.0,0.6,0.1,0.9,0.8,3.7,,14,6-5,185.0,"March 16, 2003",us US,2,Notre Dame,2024,SAS
11,14.0,Sandro Mamukelashvili,25.0,PF,61,0,11.2,2.3,4.6,0.502,1.0,2.6,0.373,1.3,2.0,0.675,0.609,0.7,1.0,0.741,1.0,2.0,3.1,0.8,0.4,0.3,0.4,1.0,6.3,,54,6-11,240.0,"May 23, 1999",us US,3,Seton Hall,2024,SAS
12,15.0,Charles Bassey,24.0,C,36,1,10.4,1.9,3.3,0.581,0.0,0.0,,1.9,3.3,0.581,0.581,0.6,0.9,0.636,1.6,2.7,4.2,0.5,0.4,0.8,0.6,1.4,4.4,,28,6-10,235.0,"October 28, 2000",ng NG,3,Western Kentucky,2024,SAS
13,16.0,Malaki Branham,21.0,SG,47,0,9.1,1.9,4.0,0.458,0.7,1.8,0.405,1.1,2.3,0.5,0.547,0.6,0.7,0.818,0.1,0.9,1.1,0.8,0.2,0.0,0.7,0.6,5.0,,22,6-4,180.0,"May 12, 2003",us US,2,Ohio State,2024,SAS
14,19.0,Jordan McLaughlin,28.0,PG,18,0,6.9,0.8,1.6,0.536,0.5,1.1,0.45,0.3,0.4,0.75,0.696,0.3,0.3,1.0,0.1,0.4,0.5,1.5,0.3,0.1,0.3,0.3,2.5,,11,6-0,185.0,"April 9, 1996",us US,5,USC,2024,SAS
0,1.0,Trey Murphy III,24.0,SF,53,51,35.0,7.2,15.8,0.454,3.0,8.3,0.361,4.2,7.6,0.556,0.548,3.8,4.3,0.887,0.9,4.2,5.1,3.5,1.1,0.7,1.9,2.1,21.2,,25,6-8,206.0,"June 18, 2000",us US,3,"Rice University, Virginia",2024,NOP
1,3.0,CJ McCollum,33.0,PG,56,56,32.7,7.9,17.9,0.444,3.1,8.2,0.373,4.9,9.7,0.505,0.53,2.2,3.1,0.717,0.8,3.0,3.8,4.1,0.8,0.4,1.9,2.2,21.1,,3,6-3,190.0,"September 19, 1991",us US,11,Lehigh,2024,NOP
2,4.0,Dejounte Murray,28.0,PG,31,31,32.6,6.3,15.9,0.393,1.7,5.6,0.299,4.6,10.3,0.444,0.445,3.3,4.0,0.823,0.5,5.9,6.5,7.4,2.0,0.4,3.4,2.0,17.5,,5,6-5,180.0,"September 19, 1996",us US,7,Washington,2024,NOP
3,5.0,Herbert Jones,26.0,SF,20,20,32.4,3.8,8.6,0.436,1.1,3.6,0.306,2.7,5.0,0.53,0.5,1.7,2.0,0.825,1.1,2.8,3.9,3.3,1.9,0.5,1.8,3.3,10.3,,2,6-8,210.0,"October 6, 1998",us US,3,Alabama,2024,NOP
4,6.0,Zion Williamson,24.0,PF,30,30,28.6,9.6,16.9,0.567,0.1,0.4,0.231,9.5,16.5,0.576,0.57,5.3,8.0,0.656,2.5,4.7,7.2,5.3,1.2,0.9,3.0,2.7,24.6,,1,6-6,284.0,"July 6, 2000",us US,4,Duke,2024,NOP
5,7.0,Yves Missi,20.0,C,73,67,26.8,3.7,6.7,0.547,0.0,0.0,0.0,3.7,6.7,0.548,0.547,1.7,2.8,0.623,3.5,4.7,8.2,1.4,0.5,1.3,1.1,2.0,9.1,,21,6-11,235.0,"May 14, 2004",be BE,R,Baylor,2024,NOP
6,8.0,Kelly Olynyk,33.0,C,20,20,25.4,3.8,7.5,0.5,0.7,1.8,0.389,3.1,5.7,0.535,0.547,2.5,3.3,0.754,1.9,4.0,5.9,3.6,0.9,0.6,2.1,3.2,10.7,,13,6-11,240.0,"April 19, 1991",ca CA,11,Gonzaga,2024,NOP
7,9.0,Bruce Brown,28.0,PG,23,12,24.7,3.2,7.7,0.41,0.7,2.0,0.356,2.5,5.8,0.429,0.455,1.2,1.6,0.75,1.0,3.2,4.2,2.4,0.7,0.3,0.9,2.0,8.2,,00,6-4,202.0,"August 15, 1996",us US,6,Miami (FL),2024,NOP
8,10.0,Jose Alvarado,26.0,PG,56,23,24.4,3.6,9.3,0.392,2.0,5.5,0.359,1.7,3.8,0.439,0.498,1.1,1.3,0.811,0.5,1.9,2.4,4.6,1.3,0.3,1.5,1.6,10.3,,15,6-0,179.0,"April 12, 1998",us US,3,Georgia Tech,2024,NOP
9,12.0,Jordan Hawkins,22.0,SG,56,9,23.6,3.7,9.9,0.372,2.0,5.9,0.331,1.7,4.0,0.433,0.471,1.4,1.8,0.816,0.4,2.4,2.8,1.2,0.5,0.4,1.0,0.9,10.8,,24,6-5,195.0,"April 29, 2002",us US,1,UConn,2024,NOP
10,13.0,Brandon Boston Jr.,23.0,SG,42,10,23.6,4.0,9.1,0.436,1.2,3.3,0.35,2.8,5.7,0.485,0.5,1.6,2.0,0.788,0.7,2.5,3.2,2.2,1.3,0.2,1.2,1.7,10.7,,11,6-7,185.0,"November 28, 2001",us US,3,Kentucky,2024,NOP
11,15.0,Elfrid Payton,30.0,PG,18,7,21.6,2.1,5.6,0.366,0.1,0.3,0.167,2.0,5.3,0.379,0.371,0.2,0.4,0.571,0.8,2.9,3.7,8.1,1.0,0.4,2.9,1.3,4.4,,"4, 22",6-3,195.0,"February 22, 1994",us US,8,Louisiana,2024,NOP
12,17.0,Kylor Kelley,27.0,C,3,1,19.7,1.3,3.0,0.444,0.0,0.0,,1.3,3.0,0.444,0.444,0.7,1.3,0.5,1.3,4.7,6.0,1.0,0.3,0.3,1.0,2.3,3.3,,35,7-0,215.0,"August 26, 1997",us US,R,Oregon State,2024,NOP
13,18.0,Jeremiah Robinson-Earl,24.0,PF,66,9,18.8,2.4,5.3,0.455,0.8,2.5,0.341,1.5,2.8,0.557,0.536,0.7,0.8,0.836,1.7,3.1,4.8,1.3,0.6,0.1,0.8,1.2,6.3,,50,6-9,230.0,"November 3, 2000",us US,3,Villanova,2024,NOP
14,19.0,Karlo MatkoviÄ,23.0,PF,42,7,18.8,3.2,5.6,0.574,0.5,1.6,0.318,2.7,4.0,0.675,0.619,0.8,1.0,0.773,1.5,3.5,5.0,1.1,0.5,1.0,1.0,2.5,7.7,,17,6-11,231.0,"March 30, 2001",ba BA,R,,2024,NOP
15,23.0,Antonio Reeves,24.0,SG,44,6,15.0,2.6,5.6,0.456,1.2,2.9,0.395,1.4,2.7,0.521,0.558,0.6,0.8,0.8,0.4,1.0,1.4,0.9,0.5,0.1,0.7,0.9,6.9,,12,6-5,205.0,"November 20, 2000",us US,R,"Illinois State, Kentucky",2024,NOP
0,1.0,Keyonte George,21.0,PG,67,35,31.5,5.4,13.7,0.391,2.6,7.6,0.343,2.8,6.1,0.449,0.485,3.5,4.3,0.818,0.4,3.4,3.8,5.6,0.7,0.1,2.7,1.7,16.8,,3,6-4,185.0,"November 8, 2003",us US,1,Baylor,2024,UTA
1,2.0,Lauri Markkanen,27.0,PF,47,47,31.4,6.3,14.9,0.423,2.9,8.5,0.346,3.4,6.4,0.525,0.521,3.4,3.9,0.876,1.5,4.4,5.9,1.5,0.7,0.4,1.4,1.7,19.0,,23,7-0,240.0,"May 22, 1997",fi FI,7,Arizona,2024,UTA
2,3.0,John Collins,27.0,PF,40,31,30.5,7.0,13.3,0.527,1.5,3.7,0.399,5.5,9.6,0.577,0.583,3.5,4.1,0.848,2.2,6.0,8.2,2.0,1.0,1.0,2.6,2.9,19.0,,20,6-9,235.0,"September 23, 1997",us US,7,Wake Forest,2024,UTA
3,4.0,Walker Kessler,23.0,C,58,58,30.0,4.8,7.2,0.663,0.1,0.6,0.176,4.7,6.6,0.706,0.671,1.4,2.6,0.52,4.6,7.6,12.2,1.7,0.6,2.4,1.5,2.2,11.1,,24,7-0,245.0,"July 26, 2001",us US,2,"UNC, Auburn",2024,UTA
4,5.0,Collin Sexton,26.0,SG,63,61,27.9,6.6,13.8,0.48,1.7,4.3,0.406,4.9,9.5,0.513,0.543,3.4,4.0,0.865,1.0,1.8,2.7,4.2,0.7,0.1,2.5,2.3,18.4,,2,6-3,190.0,"January 4, 1999",us US,6,Alabama,2024,UTA
5,6.0,Jordan Clarkson,32.0,SG,37,9,26.0,5.4,13.3,0.408,2.3,6.3,0.362,3.2,7.1,0.448,0.493,3.1,3.9,0.797,0.7,2.5,3.2,3.7,0.8,0.2,2.3,1.4,16.2,,0,6-3,194.0,"June 7, 1992",us US,10,"Tulsa, Missouri",2024,UTA
6,7.0,Isaiah Collier,20.0,PG,71,46,25.9,3.3,7.8,0.422,0.6,2.4,0.249,2.7,5.4,0.497,0.459,1.5,2.2,0.682,0.5,2.9,3.3,6.3,0.9,0.2,2.9,2.1,8.7,,13,6-3,210.0,"October 8, 2004",us US,R,USC,2024,UTA
7,8.0,Taylor Hendricks,21.0,PF,3,3,25.0,1.3,6.0,0.222,1.0,4.0,0.25,0.3,2.0,0.167,0.306,1.0,1.3,0.75,1.7,3.3,5.0,0.7,1.7,1.3,0.7,2.7,4.7,,0,6-9,210.0,"November 22, 2003",us US,1,Central Florida,2024,UTA
8,9.0,KJ Martin,24.0,SF,19,9,22.7,2.6,5.4,0.49,0.4,1.9,0.189,2.3,3.4,0.662,0.525,0.7,0.9,0.722,0.5,2.3,2.8,1.5,0.3,0.3,0.6,2.1,6.3,,99,6-6,215.0,"January 6, 2001",us US,4,,2024,UTA
9,10.0,Cody Williams,20.0,SG,50,21,21.2,1.7,5.1,0.323,0.7,2.7,0.259,1.0,2.4,0.393,0.391,0.6,0.8,0.725,0.5,1.7,2.3,1.2,0.5,0.3,0.9,1.9,4.6,,5,6-7,190.0,"November 20, 2004",us US,R,Colorado,2024,UTA
10,11.0,Kyle Filipowski,21.0,C,72,27,21.1,3.6,7.2,0.502,1.1,3.1,0.35,2.5,4.1,0.614,0.576,1.3,2.0,0.65,1.6,4.6,6.1,1.9,0.7,0.3,1.4,2.4,9.6,,22,6-11,250.0,"November 7, 2003",us US,R,Duke,2024,UTA
11,12.0,Brice Sensabaugh,21.0,SF,71,15,20.2,3.9,8.4,0.459,2.2,5.2,0.422,1.7,3.2,0.52,0.59,0.9,1.0,0.89,0.6,2.4,3.0,1.5,0.6,0.1,1.5,1.6,10.9,,28,6-6,235.0,"October 30, 2003",us US,1,Ohio State,2024,UTA
12,13.0,Svi Mykhailiuk,27.0,SF,38,13,20.0,3.1,7.9,0.391,1.8,5.3,0.345,1.3,2.6,0.485,0.507,0.7,0.9,0.8,0.6,1.8,2.4,2.0,0.5,0.2,1.4,1.1,8.8,,19,6-7,205.0,"June 10, 1997",ua UA,6,Kansas,2024,UTA
13,14.0,Johnny Juzang,23.0,SG,64,18,19.8,3.2,7.4,0.429,1.8,4.9,0.376,1.3,2.5,0.534,0.554,0.7,0.8,0.849,0.7,2.2,2.9,1.1,0.6,0.1,0.6,2.0,8.9,,33,6-7,215.0,"March 17, 2001",us US,2,"Kentucky, UCLA",2024,UTA
14,20.0,Jaden Springer,22.0,PG,17,2,13.2,1.4,3.3,0.411,0.4,1.7,0.207,1.0,1.6,0.63,0.464,0.7,1.0,0.706,0.8,1.2,2.0,1.4,0.7,0.2,0.7,1.5,3.8,,11,6-4,204.0,"September 25, 2002",us US,3,Tennessee,2024,UTA
